id,name,date,text,comments,retweet_count
,,,,,
,,,,,
,,,,,
,,,,,
,,,,,
,,,,,
,,,,,
,,,,,
,,,,,
,,,,,
1441409591309488128,IDEO,2021-09-24 14:30:01+00:00,"Problem-solving new ways to design is in our DNA, which is why we‚Äôre so excited to see our collaborative work acros‚Ä¶ https://t.co/4ph0ir6z1d",[],0
1441153436372721667,IDEO,2021-09-23 21:32:09+00:00,Thrilled that our work with @HM has been recognized in @FastCompany's 2021 Innovation by Design Awards as a finalis‚Ä¶ https://t.co/wxiFHcKpCV,[],4
1441150706140921857,IDEO,2021-09-23 21:21:18+00:00,"The #UNFSS2021 is happening now! We‚Äôre thrilled to be sharing the report of the Food Systems Game Changers Lab, sho‚Ä¶ https://t.co/St4GZP3KeY",[],3
1440791362085933061,IDEO,2021-09-22 21:33:23+00:00,"The best way to predict the future is to create it. And when it comes to climate, IDEO believes in creating sustain‚Ä¶ https://t.co/ezXeptxg51",[],5
1440707483945766919,IDEO,2021-09-22 16:00:05+00:00,1 day until the moment we have all been waiting fo ‚Ä¶. unveiling the creative #foodgamechangers solutions to a bette‚Ä¶ https://t.co/WKeLk1twUZ,[],1
1440358316182437898,IDEO,2021-09-21 16:52:37+00:00,"RT @stanforddschool: Creative Acts for Curious People is available now!

#CreativeActs by @steingreenberg is the first in a new series of b‚Ä¶",[],19
1435324991957094408,IDEO,2021-09-07 19:31:59+00:00,Interested in learning more about what IDEO and design do best in helping business leaders embrace uncertainty and‚Ä¶ https://t.co/aFC1lH20Di,[],4
1433791908153905163,IDEO,2021-09-03 14:00:04+00:00,The world‚Äôs current food system is not ‚Äúbroken.‚Äù It‚Äôs working exactly as designed. Hear more from @vbarad‚Äôs intervi‚Ä¶ https://t.co/akJWSPAfXZ,[],1
1433514167974105090,IDEO,2021-09-02 19:36:25+00:00,"What were your initial thoughts on the @CDCgov's COVID-19 vaccination card? Our CEO, Sandy Speicher, spoke with‚Ä¶ https://t.co/UcUA9cy9VN",[],6
1432498378655604743,IDEO,2021-08-31 00:20:02+00:00,"Our very own Vivian Barad, leader of IDEO‚Äôs Food portfolio, recently spoke with NutritionInsight about the food-as-‚Ä¶ https://t.co/zr8rTqO07S",[],9
1445500274341081090,Misty B. McPadden Ô£ø,2021-10-05 21:24:56+00:00,RT @danielnewmanUV: New episode of @MakingMarkets_ #podcast is live: Had the chance to sit down with @rowantrollope following @Five9 shareh‚Ä¶,[],9
1445471363259514886,Misty B. McPadden Ô£ø,2021-10-05 19:30:03+00:00,"RT @MakingMarkets_: On this episode of the Making Markets Podcast, host @danielnewmanUV interviews @Five9 CEO @rowantrollope following the‚Ä¶",[],6
1445441233875210242,Misty B. McPadden Ô£ø,2021-10-05 17:30:19+00:00,RT @FuturumResearch: If you are interested in learning more about HPE‚Äôs Pointnext Complete Care and how it can change your organization.  D‚Ä¶,[],4
1445426150164078594,Misty B. McPadden Ô£ø,2021-10-05 16:30:23+00:00,"RT @FuturumResearch: RT @CiscoFoW: Organizers and attendees now prefer the experience of #HybridEvents (in-person &amp; virtual).
@FuturumResea‚Ä¶",[],4
1445411462298718214,Misty B. McPadden Ô£ø,2021-10-05 15:32:01+00:00,"RT @FuturumResearch: Facebook under fire, Zoom-Five9 deal off, and more. A new episode of @MakingMarkets_  podcast with host  @danielnewman‚Ä¶",[],5
1445403667704729605,Misty B. McPadden Ô£ø,2021-10-05 15:01:03+00:00,RT @ShellyKramer: The @Microsoft 365 Defender Threat Intelligence Team issued a warning last week on a large-scale phishing-as-a-service op‚Ä¶,[],4
1445395949040377858,Misty B. McPadden Ô£ø,2021-10-05 14:30:23+00:00,RT @ShellyKramer: We are excited for The Best of Breed #BoB21 Conference happening on October 11-12 in Atlanta. Great line up of speakers i‚Ä¶,[],4
1445375511530811398,Misty B. McPadden Ô£ø,2021-10-05 13:09:10+00:00,RT @FuturumResearch: Join @ShellyKramer &amp;  @ATOSSAG Co-CEO Dirk H√§u√üermann in this LinkedIn Live event as they discuss the importance of fo‚Ä¶,[],1
1445375472779550724,Misty B. McPadden Ô£ø,2021-10-05 13:09:01+00:00,"RT @ShellyKramer: Last week,  @HPE announced a series of new #cloud services for the #HPEGreenLake edge-to-cloud platform, providing custom‚Ä¶",[],5
1445375335365857282,Misty B. McPadden Ô£ø,2021-10-05 13:08:28+00:00,RT @ShellyKramer: Well this is super unfortunate. Wonder how many honest users returned the payments made in error. There are many things w‚Ä¶,[],3
1445469845777125380,PodJamTV Productions,2021-10-05 19:24:01+00:00,"RT @MakingMarkets_: On this episode of the Making Markets Podcast, host @danielnewmanUV interviews @Five9 CEO @rowantrollope following the‚Ä¶",[],6
1445440402157236228,PodJamTV Productions,2021-10-05 17:27:01+00:00,"RT @FuturumResearch: RT @CiscoFoW: Organizers and attendees now prefer the experience of #HybridEvents (in-person &amp; virtual).
@FuturumResea‚Ä¶",[],4
1445428069607649282,PodJamTV Productions,2021-10-05 16:38:01+00:00,"RT @FuturumResearch: Facebook under fire, Zoom-Five9 deal off, and more. A new episode of @MakingMarkets_  podcast with host  @danielnewman‚Ä¶",[],5
1445408692355149838,PodJamTV Productions,2021-10-05 15:21:01+00:00,RT @ShellyKramer: The @Microsoft 365 Defender Threat Intelligence Team issued a warning last week on a large-scale phishing-as-a-service op‚Ä¶,[],4
1445393846129545230,PodJamTV Productions,2021-10-05 14:22:01+00:00,RT @ShellyKramer: We are excited for The Best of Breed #BoB21 Conference happening on October 11-12 in Atlanta. Great line up of speakers i‚Ä¶,[],4
1445377739566063616,PodJamTV Productions,2021-10-05 13:18:01+00:00,"RT @ShellyKramer: Last week,  @HPE announced a series of new #cloud services for the #HPEGreenLake edge-to-cloud platform, providing custom‚Ä¶",[],5
1445374841125810180,PodJamTV Productions,2021-10-05 13:06:30+00:00,"RT @ShellyKramer: Join us today at 9am CT for a #LinkedInLive.  I'll be joined by Dirk H√§u√üermann, Co-CEO at @ATOSSAG   for a conversation‚Ä¶",[],13
1445362888726679554,PodJamTV Productions,2021-10-05 12:19:00+00:00,RT @FuturumResearch: RT @ingliguori: Organizations are gathering data faster than they can use it. Enhance your #DataAnalysis with expert a‚Ä¶,[],3
1445124573041618945,PodJamTV Productions,2021-10-04 20:32:01+00:00,RT @FuturumResearch: How a focus on pricing optimization is helping organizations rock B2B commerce ‚Äì @FuturumWebcast conversation between‚Ä¶,[],4
1445107455650828291,PodJamTV Productions,2021-10-04 19:24:00+00:00,"RT @FuturumResearch: If you want to take your commerce strategies to the next level, download the How #AI Price Optimization Can Play a Sig‚Ä¶",[],5
1374703803564494849,Meltwater Social,2021-03-24 12:45:02+00:00,"Have you seen the news? üì∞ We moved, and are now tweeting via @Meltwater! Come join us to get the latest social medi‚Ä¶ https://t.co/JYemzCd9td",[],0
1374420741681123335,Meltwater Social,2021-03-23 18:00:14+00:00,The complete guide to #sociallistening: https://t.co/Uwf6ML4Fq9 https://t.co/7ckUUTNQlw,[],0
1374360308467302400,Meltwater Social,2021-03-23 14:00:06+00:00,In this on-demand #webinar learn how transform your #contentmarketing using #socialmedia data to discover the theme‚Ä¶ https://t.co/iTdIbSaE4M,[],0
1374084811271327754,Meltwater Social,2021-03-22 19:45:22+00:00,Leveraging #UGC in a post-COVID world: https://t.co/xkaXt3xxB6 https://t.co/0F9q42Dh95,[],0
1374056858378506241,Meltwater Social,2021-03-22 17:54:18+00:00,"RT @Meltwater: Social media managers, what's the first task you take care of in the a.m.? ‚òïÔ∏è
Answer below, then check out how your day comp‚Ä¶",[],1
1374028101080903685,Meltwater Social,2021-03-22 16:00:02+00:00,ICYMI we are moving over to @Meltwater! Stay connected with us on Twitter by following @Meltwater. Tweet you there! https://t.co/APCGpiQXTc,[],0
1373995955586994179,Meltwater Social,2021-03-22 13:52:18+00:00,"RT @Meltwater: It's hard to see any positives of the pandemic, but the love &amp; support to nurses on #socialmedia has been a beacon of light.‚Ä¶",[],2
1373995277921759238,Meltwater Social,2021-03-22 13:49:36+00:00,"What makes a successful #social campaign? Is it all about getting likes &amp; follows for your content, or is there mor‚Ä¶ https://t.co/bOfbX2buRC",[],0
1372941943307698176,Meltwater Social,2021-03-19 16:04:01+00:00,"#Socialmedia spending will rise by 62%, yet contributions to corporate performance are low. Wondering how you can i‚Ä¶ https://t.co/Mr2CE2Flf6",[],0
1372905916622905345,Meltwater Social,2021-03-19 13:40:52+00:00,Starting March 24th we'll be sharing all things related to #socialmedia on that account üëá or üëâ @Meltwater https://t.co/Kw9kFaRhk6,[],0
1445268189881896973,Calvin Lee,2021-10-05 06:02:42+00:00,üé• Kevin Smith ‚ÄòSecret Stash‚Äô Book Launch Q&amp;A. Thank you @CapriceFilms for the invite. ü§ìüôè https://t.co/u7QWHWLt2n,[],1
1444902217958391808,Calvin Lee,2021-10-04 05:48:28+00:00,"Nom! Nom!! üç£üç±
Sunday Funday sushi dinner with mom and sis. #foodlover https://t.co/cipuDWOPqf",[],0
1444415946991423488,Calvin Lee,2021-10-02 21:36:12+00:00,"üç∞ @Cheesecake - Lunch is served! Jambalaya Pasta with Strawberry Shortcake  a la mode. üçùüç∞
#foodlover https://t.co/HO5raiCINn",[],0
1443676969279787008,Calvin Lee,2021-09-30 20:39:46+00:00,@matthewhuggins @BayPhotoLab Thank you üôè,[],0
1442718986081165314,Calvin Lee,2021-09-28 05:13:05+00:00,First time printing my photos! @BayPhotoLab did a great job. Looks like what I shot from my edits to print. One day‚Ä¶ https://t.co/vYUKgFtxrs,[],1
1441957250227003398,Calvin Lee,2021-09-26 02:46:13+00:00,"Nom time! Ahi Tuna Burger with bread pudding a la mode. Yay! Dessert was on the house. 
üçîüê†üç∞
#foodlover https://t.co/NmwAibVEgS",[],1
1441544336131309572,Calvin Lee,2021-09-24 23:25:26+00:00,"üèûFree Entrance to National Parks. Saturday, September 25th!
#free #nationalParks  https://t.co/oJoKQmW7TR",[],0
1441248035586002951,Calvin Lee,2021-09-24 03:48:03+00:00,üç£ Yum @kurasushi_usa CONVEYOR BELT SUSHI! https://t.co/yF1HVGw7Q7,[],0
1440525512988770312,Calvin Lee,2021-09-22 03:57:00+00:00,"Happy Mid-Autumn and Mooncake Festival! ü•Æ
#mooncakefestival2021 https://t.co/jrm1Ej88Fm",[],0
1440184499631910922,Calvin Lee,2021-09-21 05:21:56+00:00,"üêì üêü
Yum! Rosty Peruvian Noms! 
Seafood Saltado
Beef, chicken, shrimp Saltado
Lomo Saltado with Pesto Pasta
Fish Cev‚Ä¶ https://t.co/1qn2ltaRrT",[],0
1443985706011922434,Martin Sargent,2021-10-01 17:06:34+00:00,"@LucidChili Where and why did you watch that? I was tremendously impressed by Ebert‚Äôs quick wit, tech savvy, and ea‚Ä¶ https://t.co/4F9d39FFkQ",[],0
1437986314452758528,Martin Sargent,2021-09-15 03:47:08+00:00,Know why Newsom wasn‚Äôt recalled? My tweet.,[],3
1437943070754893824,Martin Sargent,2021-09-15 00:55:18+00:00,"@RJTZ Ha! The tweet, in fact, was going to be, ""BLINGO VOTE NO!"" Probably should have been.",[],0
1437942112499077123,Martin Sargent,2021-09-15 00:51:29+00:00,"@samjacobgarza Thank you, Moses. Fun is right; ridiculously so.",[],0
1437919645437022212,Martin Sargent,2021-09-14 23:22:13+00:00,@FTLJohnson I was subtly suggesting you vote NO by writing NO three times in all caps.,[],0
1437821461369012224,Martin Sargent,2021-09-14 16:52:04+00:00,"Howdy, pardners. Found an old bit from the last CA recall, when candidates were more ridiculous than dangerous. If‚Ä¶ https://t.co/rQmvQAucqR",[],2
1428405306069950464,Martin Sargent,2021-08-19 17:15:38+00:00,"@eileentv You‚Äôve already given 7+ hours to the show, so what‚Äôs 3 minutes more? https://t.co/Z9qISnNO3m",[],0
1428100686365949952,Martin Sargent,2021-08-18 21:05:11+00:00,@from_franklin What's that man saying? What's he looking at? Where's Franklin?,[],0
1421177165962350592,Martin Sargent,2021-07-30 18:33:35+00:00,"@molzy Why, sure they do! IDEA: Do what I do and give ‚Äúgood morning‚Äù a fun little twirl! üíÉ By thinking ‚Äúmorning goo‚Ä¶ https://t.co/TrDCuL8VWW",[],0
1409988686654054408,Martin Sargent,2021-06-29 21:34:33+00:00,"@Veronica Buffalo, NY
https://t.co/bcUubnW5om",[],0
1445489737511227394,Amy Vernon üíâüíô üè≥Ô∏è‚Äçüåà,2021-10-05 20:43:03+00:00,@Alster1Rob https://t.co/mQ1TzHM668,[],1
1445482723502538755,Amy Vernon üíâüíô üè≥Ô∏è‚Äçüåà,2021-10-05 20:15:11+00:00,THIS STORY https://t.co/loaYAIziV5,[],1
1445482140985008145,Amy Vernon üíâüíô üè≥Ô∏è‚Äçüåà,2021-10-05 20:12:52+00:00,@LegallyLove üíï,[],1
1445465174090022921,Amy Vernon üíâüíô üè≥Ô∏è‚Äçüåà,2021-10-05 19:05:27+00:00,"@James_daSilva I don't know that I'd argue with you on that. There are definitely things that make IV ""better"", but‚Ä¶ https://t.co/JcMTxW4GGu",[],1
1445464884573978632,Amy Vernon üíâüíô üè≥Ô∏è‚Äçüåà,2021-10-05 19:04:18+00:00,@ratchford_chris THANK YOU.,[],1
1445464820191399939,Amy Vernon üíâüíô üè≥Ô∏è‚Äçüåà,2021-10-05 19:04:03+00:00,@CarrieHill Ooooh. I love Houses of the Holy. I was just thinking of 3&amp;4 because today's the anniversary of 3's rel‚Ä¶ https://t.co/GI1yUyO6Y4,[],1
1445464617640083471,Amy Vernon üíâüíô üè≥Ô∏è‚Äçüåà,2021-10-05 19:03:14+00:00,"@thatclarafied I used to be the latter, but honestly? Overplayed. Immigrant Song with a bullet.",[],1
1445457594978488321,Amy Vernon üíâüíô üè≥Ô∏è‚Äçüåà,2021-10-05 18:35:20+00:00,@Creeturous THE FUCK,[],0
1445457492465442817,Amy Vernon üíâüíô üè≥Ô∏è‚Äçüåà,2021-10-05 18:34:56+00:00,@Creeturous https://t.co/MtivAe8Ewk,[],0
1445456468170338307,Amy Vernon üíâüíô üè≥Ô∏è‚Äçüåà,2021-10-05 18:30:51+00:00,Controversial opinion: Led Zeppelin III is head and shoulders above IV.,[],1
1430568008527843333,Kaiju Capital Management,2021-08-25 16:29:26+00:00,I‚Äôm excited to join AI &amp; Data Science in Trading September 2021 with 2000+ AI &amp; ML leaders. You can sign up and joi‚Ä¶ https://t.co/ai3NTkx3X0,[],0
1418221119904141312,Kaiju Capital Management,2021-07-22 14:47:18+00:00,"Meet our lead backend developer, Albi Ginjo, in this interview by @DanielBukszpan :
https://t.co/butIPRqriD",[],0
1407445366589509639,Kaiju Capital Management,2021-06-22 21:08:19+00:00,"As we roll out our Insights section, we'll be examining many issues tied to working toward a more equitable and jus‚Ä¶ https://t.co/J81t3gkECI",[],2
1405998071201386500,Kaiju Capital Management,2021-06-18 21:17:17+00:00,"RT @rezo_zero: How to create connections between the logo, custom #3D creations and animated navigation for a unique user experience? Chall‚Ä¶",[],3
1405527581617659908,Kaiju Capital Management,2021-06-17 14:07:43+00:00,RT @rezo_zero: New prod: @KaijuCap represents a modern investment philosophy in the fund management field. The website creative approach is‚Ä¶,[],5
1404459688742297600,Kaiju Capital Management,2021-06-14 15:24:18+00:00,"@mckra1g Thank you, Molly!",[],0
1404439816423546881,Kaiju Capital Management,2021-06-14 14:05:20+00:00,"It's alive! 

Visit https://t.co/PaKi8VOUhL to learn all about Kaiju Capital Management on our brand-new website.",[],0
,,,,,
,,,,,
,,,,,
1445418514148364293,Northwestern Medill,2021-10-05 16:00:03+00:00,"Join us tonight (5:30PM CT) for Agency v. Client--a discussion with industry leaders from @Merkle, @havas,‚Ä¶ https://t.co/cBt9eP5CHK",[],0
1445121409861226499,Northwestern Medill,2021-10-04 20:19:27+00:00,RT @thedailynu: Ang√©lica Casas won Medill's Cecilia Vaisman Award for her work covering Latine communities in the U.S. and Latin America. h‚Ä¶,[],2
1444014261630640131,Northwestern Medill,2021-10-01 19:00:03+00:00,Congrats to @JuliePace (BSJ04) who is one of the seven inductees to the Medill Centennial Hall of Achievement class‚Ä¶ https://t.co/s3tp3yiN0q,[],0
1443606571053944841,Northwestern Medill,2021-09-30 16:00:02+00:00,"Join us via Zoom tonight (5:30 p.m. CT) as Medill and @NAHJ present @AngelicaMCasas, of @BBCWorld, with the 2021 Ce‚Ä¶ https://t.co/ANdiNduROk",[],2
1443240404258787333,Northwestern Medill,2021-09-29 15:45:01+00:00,"Join us on 10/5 (5:30PM CT) for Agency v. Client--a discussion with industry leaders from @Merkle, @havas,‚Ä¶ https://t.co/ttbHTN5dSs",[],0
1441450955820707843,Northwestern Medill,2021-09-24 17:14:23+00:00,"RT @StormLakeMovie: TONIGHT: @Beth_Levison, Jerry Risius, @cullen_art and Sheila Solomon at @filmcenter. 

More info üëâ https://t.co/96uLIhc‚Ä¶",[],3
1441448608616927233,Northwestern Medill,2021-09-24 17:05:03+00:00,Congrats to @SheinelleJones (BSJ00) who is one of the seven inductees to the Medill Centennial Hall of Achievement‚Ä¶ https://t.co/FbaFsyCjhu,[],1
1441409603519008773,Northwestern Medill,2021-09-24 14:30:04+00:00,"@StormLakeMovie, a documentary about the struggles of local news, will screen in Chicago this weekend. Senior Assoc‚Ä¶ https://t.co/8K1QlLjfmD",[],2
1441130248842539011,Northwestern Medill,2021-09-23 20:00:00+00:00,"Join us via Zoom on Thursday, Sept. 30 as Medill and @NAHJ present @AngelicaMCasas, of @BBCWorld, with the 2021 Cec‚Ä¶ https://t.co/Xoe75Ucha7",[],2
1440791073287065601,Northwestern Medill,2021-09-22 21:32:15+00:00,RT @JessicaVillag: Happy first week of classes! I‚Äôm teaching two undergrad classes @MedillSchool this quarter and have some fun stuff in ~t‚Ä¶,[],2
1445362152316022788,Scott Stratten,2021-10-05 12:16:05+00:00,@jpwooster Renting a house on borrowed land :),[],0
1444759768430694407,Scott Stratten,2021-10-03 20:22:25+00:00,@RobCairns Doing well right now üòÑ,[],0
1444758915804188673,Scott Stratten,2021-10-03 20:19:02+00:00,JAYS!!!!!!,[],0
1444277129567514625,Scott Stratten,2021-10-02 12:24:35+00:00,@JaxSargette @cspotweet https://t.co/AUaDP4cLUE,[],0
1443222698696581122,Scott Stratten,2021-09-29 14:34:39+00:00,"RT @WilliamCMurray: New episode of The Service Center! A fantastic talk w/ Scott Stratten (@unmarketing) about service, leadership, &amp; treat‚Ä¶",[],3
1442151985029922827,Scott Stratten,2021-09-26 15:40:01+00:00,@POSMarketer @GetSprunk https://t.co/sy0b5ElD2G,[],0
1441749239130845185,Scott Stratten,2021-09-25 12:59:39+00:00,"RT @Ballislife: The greatest dunk ever happened 21 YEARS AGO today! 
https://t.co/9kq95ycM0e",[],6587
1441002838453260289,Scott Stratten,2021-09-23 11:33:43+00:00,@mtravelandphoto Great episode!,[],0
1440387596333445127,Scott Stratten,2021-09-21 18:48:58+00:00,@HBENJAMIN üòÑüòÑüòÑ thank-you!,[],0
1439213987804155913,Scott Stratten,2021-09-18 13:05:28+00:00,RT @sairarahman: It‚Äôs amazing how I can go from being interviewed about things I‚Äôve done as a woman of color in the afternoon to an evening‚Ä¶,[],27
1445489503410409473,Alison,2021-10-05 20:42:08+00:00,"RT @OmayraIssa: As a Black woman journalist who continues to be viciously cyber attacked, I think recent statements from news organizations‚Ä¶",[],47
1445467522346610690,Alison,2021-10-05 19:14:47+00:00,RT @farrahsafiakhan: Good morning to fellow child sexual abuse survivors. The news coming out today (and sometimes it feels like every day)‚Ä¶,[],17
1445404378316386308,Alison,2021-10-05 15:03:52+00:00,@KarenLawford Could I email it to you?,[],0
1445094946789339165,Alison,2021-10-04 18:34:18+00:00,"RT @northstoryco: If you‚Äôre a business or Content Creator or both, this is your monthly reminder to diversify your social media presence an‚Ä¶",[],2
1445094557432098817,Alison,2021-10-04 18:32:45+00:00,RT @birgitomo: I want to say that I am super proud of the 4 teenagers who took their covid shots unbeknownst to their anti-vax mum who is a‚Ä¶,[],272
1445094156498579470,Alison,2021-10-04 18:31:10+00:00,RT @Twitter: hello literally everyone,[],591685
1445093187526217736,Alison,2021-10-04 18:27:19+00:00,"RT @NahanniFontaine: Today, October 4, is the Missing and Murdered Indigenous Women and Girls Honouring and Awareness Day officially in Man‚Ä¶",[],163
1445092448510828558,Alison,2021-10-04 18:24:22+00:00,RT @JulieSLalonde: Libraries are essential services and I will die on this hill!,[],29
1445092172538200075,Alison,2021-10-04 18:23:17+00:00,"RT @Joyhenderson78: Reminding everyone today that  Indigenous women, girls and 2S people have to make plans to ensure that hell will be rai‚Ä¶",[],266
1444843906399625222,Alison,2021-10-04 01:56:45+00:00,RT @birgitomo: A shoutout to all the teenagers getting their covid shots despite resistance from vaccine-hesitant parents. Your courage is‚Ä¶,[],244
357563755963482113,Samir Balwani,2013-07-17 18:13:37+00:00,Trying ever so hard to get my lost luggage from United Airlines. Anyone have any tricks? Avni's wedding dress was in the bag.,[],1
347354457455095808,Samir Balwani,2013-06-19 14:05:30+00:00,The Pour Over Coffee Trend http://t.co/ZwoCqJPClL via @cafefanatic,[],0
341914730367172609,Samir Balwani,2013-06-04 13:49:58+00:00,Woahhh weird http://t.co/Sj1cSVkPbQ,[],0
341317864835395584,Samir Balwani,2013-06-02 22:18:15+00:00,How WordPress Could Help Your Small Business - http://t.co/PzSL93NLWK via @sitefox,[],0
340611641962004482,Samir Balwani,2013-05-31 23:31:58+00:00,So it begins... #samirandavni http://t.co/wywgqouNnP,[],0
339918235094876160,Samir Balwani,2013-05-30 01:36:37+00:00,RT @bill_slawski: Important Clarifications On Removing Content From Google http://t.co/kEOp1rBBZm via @rustybrick,[],6
339917963308175362,Samir Balwani,2013-05-30 01:35:32+00:00,Been awhile since I cleaned up who I'm following. Glad I just did that...,[],0
339916939566673920,Samir Balwani,2013-05-30 01:31:28+00:00,We're working on adding new content to the SiteFox platform. Want to see what's planned? Check it out here: http://t.co/KCanqfefxG,[],0
339410781357617152,Samir Balwani,2013-05-28 16:00:10+00:00,How WordPress Could Help Your Small Business - http://t.co/f8PvHxf8Q7,[],0
339350062306045952,Samir Balwani,2013-05-28 11:58:54+00:00,How WordPress Could Help Your Small Business - http://t.co/kZw3TC0ixW,[],0
1445399002044846088,Meghan Peters,2021-10-05 14:42:30+00:00,The story behind the Trust Your Decisions Campaign and @wsj's growth to 3.4M members. https://t.co/khEOo4Docy,[],0
1443291719684874240,Meghan Peters,2021-09-29 19:08:55+00:00,"RT @JoannaStern: Uh guys, I just won a freaking Emmy! The @WSJ‚Äôs first Emmy!",[],107
1443265774429216772,Meghan Peters,2021-09-29 17:25:49+00:00,"‚ÄúThe instruction-book days are gone,‚Äù @tajmatic on the next generation's expectations for intuitive digital experie‚Ä¶ https://t.co/4wKPOaeaIa",[],1
1442488402494963716,Meghan Peters,2021-09-27 13:56:49+00:00,Indian Express will be one of India‚Äôs first national news websites to launch a subscription business. https://t.co/5sJBTJOwu7,[],0
1440439492184195092,Meghan Peters,2021-09-21 22:15:11+00:00,"RT @jolshan: So excited to announce that @meerajag, has been promoted to the vital new position of Inequality Editor @MarketWatch. She will‚Ä¶",[],15
1440402983812952071,Meghan Peters,2021-09-21 19:50:07+00:00,Love to see Inclusive Environment as a university rankings category. @lasierranews comes in 1st &amp; @Rutgers_Newark i‚Ä¶ https://t.co/NcIckabmDf,[],0
1438508960877662225,Meghan Peters,2021-09-16 14:23:57+00:00,Publishers are investing more in content across multiple formats to add to the value of a subscription https://t.co/rA870aqUAZ,[],1
1438146747575017475,Meghan Peters,2021-09-15 14:24:38+00:00,"Robinhood, the app criticized for gamifying trading, has 3.8 million+ student customers. Now it's angling for more‚Ä¶ https://t.co/GqEmNASht8",[],0
1435644200289189894,Meghan Peters,2021-09-08 16:40:24+00:00,Thorough investigation by ‚Å¶@rob_barry‚Å© ‚Å¶@georgia_wells‚Å© ‚Å¶@JohnWest‚Å© ‚Å¶@JoannaStern‚Å©  https://t.co/kDIef2aHRU,[],0
1433114434940063744,Meghan Peters,2021-09-01 17:08:01+00:00,RT @AishaAlMuslim: A THREAD: The Wall Street Journal (@WSJ) is now accepting applications for 2022 newsroom internships in the U.S. There a‚Ä¶,[],169
1445155265360416773,Facebook,2021-10-04 22:33:59+00:00,To the huge community of people and businesses around the world who depend on us: we're sorry. We‚Äôve been working h‚Ä¶ https://t.co/UcwioKQ3o0,[],5907
1445119312507768844,Facebook,2021-10-04 20:11:07+00:00,RT @schrep: *Sincere* apologies to everyone impacted by outages of Facebook powered services right now.  We are experiencing networking iss‚Ä¶,[],12533
1445061804636479493,Facebook,2021-10-04 16:22:36+00:00,We‚Äôre aware that some people are having trouble accessing our apps and products. We‚Äôre working to get things back t‚Ä¶ https://t.co/SDkXC4H3ji,[],47447
1443325952696651782,Facebook,2021-09-29 21:24:57+00:00,RT @facebookapp: Want to hear something Reel-y cool? Today we‚Äôre launching Reels on Facebook in the US! Take your creativity to the next le‚Ä¶,[],177
1443210198244491264,Facebook,2021-09-29 13:44:59+00:00,"@FreewheelinUSA Hey, Pamela. So glad to hear you love your Portal! The best place to seek help with your Portal dev‚Ä¶ https://t.co/ynaeG2bLEe",[],2
1441849286761742336,Facebook,2021-09-25 19:37:12+00:00,"@crzysxycooI mentally, i'm still watching that üòç",[],1
1441849109762035714,Facebook,2021-09-25 19:36:30+00:00,"@itsreallykita RTT really said ""take accountability"" and we're here for it! üëè",[],0
1441848949195694083,Facebook,2021-09-25 19:35:52+00:00,@Coneshaevans we're taking notes! üìù,[],0
1441433813909860353,Facebook,2021-09-24 16:06:16+00:00,"When we come together to combat climate change, we can make an even greater impact. Join one of the 18,000 environm‚Ä¶ https://t.co/dc4F3sPBwQ",[],24
1441070315308650502,Facebook,2021-09-23 16:01:51+00:00,Doing your part to protect the planet can start with a simple change like buying from an eco-friendly business on I‚Ä¶ https://t.co/yiQqXZZiIo,[],24
1445478991566045186,Social Good,2021-10-05 20:00:21+00:00,"""It rings hollow. You're not gonna play us like that.""  https://t.co/RBzfZ2PMZ5",[],0
1445342274917998593,Social Good,2021-10-05 10:57:06+00:00,Student activist groups have adapted to the changing world and are heading back into the school year with new lesso‚Ä¶ https://t.co/ROq2AViLLa,[],0
1445327976250363905,Social Good,2021-10-05 10:00:17+00:00,"From non-monogamy to period shame to STIs, 'The Sex Agenda' examines subjects thorough the eyes of marginalised gro‚Ä¶ https://t.co/N2Qd4NACNa",[],0
1445252471291588610,Social Good,2021-10-05 05:00:15+00:00,Is your city testing a basic income? https://t.co/GXIrjAg73o,[],1
1445117038096228354,Social Good,2021-10-04 20:02:05+00:00,Food-sharing initiatives can help battle food insecurity from the bottom up.  https://t.co/yyGsN6rSim,[],2
1444890072449486853,Social Good,2021-10-04 05:00:12+00:00,"Decades of progress on poverty reduction have ended, thanks to 2020. But a historic success story isn't over yet.  https://t.co/KsgfcaDCOi",[],0
1444754170159017984,Social Good,2021-10-03 20:00:11+00:00,Climate justice can't happen without racial justice. Here are some organizations that are working on changing the w‚Ä¶ https://t.co/e2sZSwwwSI,[],0
1444716401416101893,Social Good,2021-10-03 17:30:06+00:00,Let's talk about the elephant in the womb.  https://t.co/Va22jyMs6T,[],0
1444603166973177856,Social Good,2021-10-03 10:00:09+00:00,Let's talk about the elephant in the womb.  https://t.co/m1LG7NVNzB,[],1
1444527647426494465,Social Good,2021-10-03 05:00:03+00:00,"How to be happy? The answer is more precise, and more awkward, than you might imagine.  https://t.co/pCbPtXpbYO",[],0
1445518631010332672,Mashable,2021-10-05 22:37:52+00:00,"""Each bear faces its own challenges in order to gain the body mass necessary to survive.""  https://t.co/KtQ8TwmesQ",[],1
1445515894197825536,Mashable,2021-10-05 22:27:00+00:00,These skateboard wheels look...different https://t.co/6zEi5V9xlU,[],3
1445510861104328704,Mashable,2021-10-05 22:07:00+00:00,These wearable decals are basically a customizable reflective safety vest https://t.co/fGjKqkxUvd,[],5
1445505576214020100,Mashable,2021-10-05 21:46:00+00:00,This smart LED helmet could make riding motorcycles safer https://t.co/EvJlUMkkED,[],3
1445501591478431744,Mashable,2021-10-05 21:30:10+00:00,"At the Disney World Star Wars hotel, you'll be able to play with a retractable lightsaber. But don't plan any life-‚Ä¶ https://t.co/NU9iY8Vv8S",[],2
1445500543107883016,Mashable,2021-10-05 21:26:00+00:00,Quit snoring with this...pillow? https://t.co/dS0UWAb9mR,[],4
1445495258591023109,Mashable,2021-10-05 21:05:00+00:00,"This vest claims it can read your dog's emotions...like, sure, OK https://t.co/mwyIRaLWMt",[],5
1445492490010779648,Mashable,2021-10-05 20:54:00+00:00,"Robots are now sweating, just like humans https://t.co/mZ97Hw5fsi",[],8
1445487457005277187,Mashable,2021-10-05 20:34:00+00:00,This laptop case is basically a portable desk https://t.co/s77wd2ZjAt,[],9
1445486489651986444,Mashable,2021-10-05 20:30:09+00:00,Oops.  https://t.co/4xyEYzWzmS,[],6
1278603108940042243,Liz Philips,2020-07-02 08:15:11+00:00,Aww it's a milestone bday for @Qualcomm! 35 years of leading the wireless communication revolution - so many breakt‚Ä¶ https://t.co/LIkxrdPl0h,[],0
1278600968137928706,Liz Philips,2020-07-02 08:06:40+00:00,RT @ashleyriggsz: Great initiative from @Microsoft and @LinkedIn to use  existing resources to offer free training for in-demand jobs. They‚Ä¶,[],1
1278600823056896000,Liz Philips,2020-07-02 08:06:06+00:00,"Kicked in a few bucks to support @blairgoldberg's friend. Gnarly photos, she was shot in the face with a rubber bul‚Ä¶ https://t.co/zIbCGQkueq",[],0
1265873542077272069,Liz Philips,2020-05-28 05:12:25+00:00,@ashleyriggsz Really good variety of classes/instructors and absolutely no excuses to NOT work out (that's the bad part) ü§£,[],0
1265872794870415361,Liz Philips,2020-05-28 05:09:27+00:00,"@Tbentz96 @getthemirror Oh yes, there are a few fitness mirrors on the market now, some come with weights and stuff‚Ä¶ https://t.co/4X0rWbriz8",[],0
1265795372389027840,Liz Philips,2020-05-28 00:01:48+00:00,Dorking out during a live @getthemirror workout bc my friend was in the class! Had to take a pic of her virtual smi‚Ä¶ https://t.co/qPKcCZNN0s,[],0
1265793521568497664,Liz Philips,2020-05-27 23:54:27+00:00,"Versailles without tourists and restored to brilliance during covid. Wow
https://t.co/r33X6MrJKy",[],0
1265711706883256325,Liz Philips,2020-05-27 18:29:21+00:00,The blow by blow for those watching #LaunchAmerica üöÄ https://t.co/xdXh7tn8UC,[],0
1214266220112797696,Liz Philips,2020-01-06 19:23:21+00:00,"RT @pjmcnealy: So @Lenovo and @Qualcomm announce the Yoga 5G laptop, but this thing just makes me think of #BabyYoda   #CES2020 #StarWarsOn‚Ä¶",[],2
1214265196652326912,Liz Philips,2020-01-06 19:19:17+00:00,RT @LegitReviews: The 5G PC is here! @Qualcomm announced that @Lenovo has a 5G PC design ready! Meet the Yoga 5G running #Snapdragon 8cx an‚Ä¶,[],2
1445507851531657237,Qualcomm,2021-10-05 21:55:02+00:00,"To all teachers: Your hard work to educate, empower, and support students is admirable, especially remotely ‚Äî and w‚Ä¶ https://t.co/SzDjEYJGWu",[],1
1445465454827368450,Qualcomm,2021-10-05 19:06:34+00:00,"We worked with @Microsoft to enable best-in-class user experiences on @Windows 11 with #WiFi Dual Station, supporte‚Ä¶ https://t.co/qf8wrfWTSk",[],0
1445443911296565253,Qualcomm,2021-10-05 17:40:58+00:00,The @Snapdragon 8cx Gen 2 #5G Compute Platform is engineered to deliver battery life that can last for up to ___+ continuous hours.,[],0
,,,,,
,,,,,
,,,,,
,,,,,
,,,,,
,,,,,
,,,,,
1445463838929788936,TaylorMade Golf,2021-10-05 19:00:09+00:00,Nature walks. üôå #TeamTaylorMade https://t.co/U7MVJ45G3C,[],5
1445418038254137345,TaylorMade Golf,2021-10-05 15:58:09+00:00,"A RAW beauty. 

Learn more about the all-new #MG3Wedge: https://t.co/groEiDDqRy https://t.co/OLJxuGuxWx",[],3
1445054999550066692,TaylorMade Golf,2021-10-04 15:55:34+00:00,"Time to set up more birdie looks. üíØ

Learn more about the all-new P¬∑790 irons with SpeedFoam Air:‚Ä¶ https://t.co/rs2JSFnHiB",[],3
1444021839898955777,TaylorMade Golf,2021-10-01 19:30:09+00:00,".@matthew_wolff5 and @TommyFleetwood1, come on down! You‚Äôre the next contestants on the #TeamTaylorMade 2-club chal‚Ä¶ https://t.co/FuHaA1sPdN",[],2
1443984095554392066,TaylorMade Golf,2021-10-01 17:00:10+00:00,"Putting our own spin on #InternationalCoffeeDay. ‚òï

Shop the TP5 Bacon and Eggs ball now: https://t.co/bR96IGw3Q0 https://t.co/ap5JwtHQ9U",[],5
1443606600996909059,TaylorMade Golf,2021-09-30 16:00:09+00:00,"Straight cash around the greens. 

Shop the all-new TP5 and TP5 pix Money Ball now: https://t.co/T2IpN0tfr9 https://t.co/kztpVfHXku",[],10
1443571254871478280,TaylorMade Golf,2021-09-30 13:39:42+00:00,@cranekicker @THEKIDMERO @LaJethroJenkins We‚Äôll help you restock. Slide into those DMs.,[],1
1443388163058126851,TaylorMade Golf,2021-09-30 01:32:09+00:00,@THEKIDMERO @LaJethroJenkins We can help you out. Shoot us a DM.,[],0
1443288240128081920,TaylorMade Golf,2021-09-29 18:55:06+00:00,"Brand new #MG3wedge in hand, and you‚Äôre staring at a front pin of a back-to-front sloping green. You‚Äôve got 110 yar‚Ä¶ https://t.co/AfR9nNu7PK",[],10
1443271606642495490,TaylorMade Golf,2021-09-29 17:49:00+00:00,RT @TaylorMadeTour: .@robert1lefty‚Äôs ready for the #dunhilllinks. üí™ Drop an emoji that best describes his swing. #P7MC https://t.co/rA9ZLcD‚Ä¶,[],10
1445516361862553611,HP,2021-10-05 22:28:51+00:00,"@AshtonCluts We understand that it is frustrating, and being in your position anyone would feel the same way. Kindl‚Ä¶ https://t.co/IMErigYWw4",[],0
1445513732453371905,HP,2021-10-05 22:18:24+00:00,@blackwaistdown2 This is not something we want you to face! We extend our apologies to you! To have a look into you‚Ä¶ https://t.co/9m8FRbwWch,[],0
1445475002464096257,HP,2021-10-05 19:44:30+00:00,@BostonVegHead I understand it's a software issue and our team can certainly help you with this if you please! https://t.co/fPjB4sQbHL,[],0
1445471734082146304,HP,2021-10-05 19:31:31+00:00,"@BostonVegHead Hey there :) I'm really sorry you feel that way! Please allow me to quickly take this up for you?
Do‚Ä¶ https://t.co/LjuMtLcYid",[],0
1445465907652825088,HP,2021-10-05 19:08:22+00:00,@ginablack Hey Gina :) It's a pleasure to make your acquaintance! Please allow me to quickly take this up for you?‚Ä¶ https://t.co/rXaE970Y0w,[],0
1445457998369804301,HP,2021-10-05 18:36:56+00:00,"@amitkrsingh1909 @kempatel Amit, you're welcome! I will definitely get in touch with you tomorrow as promised. ^Ataullah",[],0
1445449933859930120,HP,2021-10-05 18:04:54+00:00,"@amitkrsingh1909 @kempatel
Hi Amit, sorry to hear about the unpleasant experience you had, I will work with the con‚Ä¶ https://t.co/aHreLoI2pY",[],0
1445440814742589440,HP,2021-10-05 17:28:39+00:00,"@nasykka Ymm√§rr√§mme, ett√§ se on turhauttavaa, ja olemalla sinun asemassasi kuka tahansa kokisi samoin. L√§het√§ yst√§v‚Ä¶ https://t.co/O0usvBvuiw",[],0
1445437040112254979,HP,2021-10-05 17:13:39+00:00,"@AsianImee So sorry to hear that! To have a look into your details and help you further, please reach out on DM as‚Ä¶ https://t.co/StybeFqbe5",[],0
1445430943087403009,HP,2021-10-05 16:49:26+00:00,@michellekirkw20 I understand your disappointment and we would definitely try our best to get this sorted completel‚Ä¶ https://t.co/urIzta30WX,[],0
,,,,,
,,,,,
,,,,,
,,,,,
,,,,,
,,,,,
,,,,,
,,,,,
,,,,,
,,,,,
1445431505354989582,Sorry Not Sorry,2021-10-05 16:51:40+00:00,"Check out Believing Women with Deborah Tuerkheimer, Author of Credible: Why We Doubt Accusers and Protect Abusers o‚Ä¶ https://t.co/0qD9KCxaFj",[],1
,,,,,
,,,,,
,,,,,
,,,,,
,,,,,
,,,,,
,,,,,
,,,,,
,,,,,
1388984234044444673,PatriotNotPartisan,2021-05-02 22:30:22+00:00,Alyssa Milano has a new book coming this fall. Sorry Not Sorry will release in October from Dutton Books. Watch this space for more info!,[],3
1319392540177666048,PatriotNotPartisan,2020-10-22 21:37:49+00:00,"üó≥ NEW üó≥

50 state voting guide. Find out how and when to register, how and when you can vote, important deadlines,‚Ä¶ https://t.co/6bmUgp8WSR",[],112
1275860879796580352,PatriotNotPartisan,2020-06-24 18:38:32+00:00,"New from @jeffreyparrisne: Racism in the United States, Patriotism, and the United States Military.

https://t.co/NyCMDF96ys",[],6
1265736951279300608,PatriotNotPartisan,2020-05-27 20:09:40+00:00,"New from @BrettPransky: ‚ÄúMy Own Personal Trump.‚Äù

https://t.co/bMbaPXMIab",[],5
1227711988777746438,PatriotNotPartisan,2020-02-12 21:52:02+00:00,"America through the eyes of a 16-year-old by @AddieHedges 

https://t.co/eJvRVy4oJ1",[],28
1218717616170078208,PatriotNotPartisan,2020-01-19 02:11:37+00:00,"RT @PatNotPart: When Diane Parris was blackmailed with revenge porn in an attempt to end her husband‚Äôs run for office, she joined a fight t‚Ä¶",[],76
1217908559536623617,PatriotNotPartisan,2020-01-16 20:36:42+00:00,"When Diane Parris was blackmailed with revenge porn in an attempt to end her husband‚Äôs run for office, she joined a‚Ä¶ https://t.co/XB4nxNzno5",[],76
1174640533903466497,PatriotNotPartisan,2019-09-19 11:05:01+00:00,Trump Tax Cut Song | by @patriautism https://t.co/5GSotqgOhO,[],2
1172466208538595328,PatriotNotPartisan,2019-09-13 11:05:02+00:00,The Un-American History of America First | by @HowardA_Esq https://t.co/MrNpeMrxOA,[],1
1171901234921594881,PatriotNotPartisan,2019-09-11 21:40:01+00:00,"Tri-Caucus Amicus Brief on Public Charge Rule | by @CAPAC 
https://t.co/I59PPFESnK",[],10
,,,,,
,,,,,
,,,,,
,,,,,
,,,,,
,,,,,
,,,,,
,,,,,
,,,,,
,,,,,
,,,,,
,,,,,
,,,,,
,,,,,
,,,,,
,,,,,
,,,,,
,,,,,
,,,,,
,,,,,
,,,,,
,,,,,
,,,,,
,,,,,
,,,,,
,,,,,
,,,,,
,,,,,
,,,,,
,,,,,
,,,,,
,,,,,
,,,,,
,,,,,
,,,,,
,,,,,
,,,,,
,,,,,
,,,,,
,,,,,
,,,,,
,,,,,
,,,,,
,,,,,
,,,,,
,,,,,
,,,,,
,,,,,
,,,,,
,,,,,
,,,,,
,,,,,
,,,,,
,,,,,
,,,,,
,,,,,
,,,,,
,,,,,
,,,,,
,,,,,
,,,,,
,,,,,
,,,,,
,,,,,
,,,,,
,,,,,
,,,,,
,,,,,
,,,,,
,,,,,
,,,,,
,,,,,
,,,,,
,,,,,
,,,,,
,,,,,
,,,,,
,,,,,
,,,,,
,,,,,
,,,,,
,,,,,
,,,,,
,,,,,
,,,,,
,,,,,
,,,,,
,,,,,
,,,,,
,,,,,
,,,,,
,,,,,
,,,,,
,,,,,
,,,,,
,,,,,
,,,,,
,,,,,
,,,,,
,,,,,
,,,,,
,,,,,
,,,,,
,,,,,
,,,,,
,,,,,
,,,,,
,,,,,
,,,,,
,,,,,
,,,,,
,,,,,
,,,,,
,,,,,
,,,,,
,,,,,
,,,,,
,,,,,
,,,,,
,,,,,
,,,,,
,,,,,
,,,,,
,,,,,
,,,,,
,,,,,
,,,,,
,,,,,
,,,,,
,,,,,
,,,,,
,,,,,
,,,,,
,,,,,
,,,,,
,,,,,
,,,,,
,,,,,
,,,,,
,,,,,
,,,,,
,,,,,
,,,,,
,,,,,
,,,,,
,,,,,
,,,,,
,,,,,
,,,,,
,,,,,
,,,,,
,,,,,
,,,,,
,,,,,
,,,,,
,,,,,
,,,,,
,,,,,
,,,,,
,,,,,
,,,,,
,,,,,
,,,,,
,,,,,
,,,,,
,,,,,
,,,,,
,,,,,
,,,,,
,,,,,
,,,,,
,,,,,
,,,,,
,,,,,
,,,,,
,,,,,
,,,,,
,,,,,
,,,,,
,,,,,
,,,,,
,,,,,
,,,,,
,,,,,
,,,,,
,,,,,
,,,,,
,,,,,
,,,,,
,,,,,
1443599181151711242,Erica Swallow,2021-09-30 15:30:40+00:00,"RT @BriannaNHolt: Just interviewed someone who said, and I quote: ""Lack of diversity and representation in an organization is a microagress‚Ä¶",[],11454
1440541166911426562,Erica Swallow,2021-09-22 04:59:12+00:00,"@princemutizira @StartupSavant A good reminder for myself to myself‚Ä¶ thanks for sharing, @princemutizira üôèüèª",[],0
1430490341208174596,Erica Swallow,2021-08-25 11:20:49+00:00,"RT @OfficialBBrooks: Founders, especially the overlooked ones‚Ä¶ VCs are lucky to be in a meeting with you. 

You shouldn‚Äôt have to feel nerv‚Ä¶",[],61
1429766003337142283,Erica Swallow,2021-08-23 11:22:33+00:00,"RT @JoelakaMaG: i thrive under pressure, yes. but i also thrive under sunshine, under joy, under warm hugs and creativity; morning coffee,‚Ä¶",[],2807
1426947951981699077,Erica Swallow,2021-08-15 16:44:37+00:00,"@chrismaddern @DeLonghiUK @chrismaddern Oh sweet, I didn't know that I had a 10% off referral code on Cafunƒì. If yo‚Ä¶ https://t.co/Q96tmhBiTB",[],0
1426692591542837250,Erica Swallow,2021-08-14 23:49:55+00:00,"RT @nepublicmedia: In ""The Lorax,"" #SpringfieldMA's own @DrSeuss warned us 50 years ago this week of a coming environmental crisis. 

""The‚Ä¶",[],1
1426691020771794946,Erica Swallow,2021-08-14 23:43:40+00:00,"@swallowrealty Major kudos to Senator @EricLesser in my latest op-ed, for his east-west rail and remote worker ince‚Ä¶ https://t.co/UOXm03q2vM",[],0
1426689961261158400,Erica Swallow,2021-08-14 23:39:28+00:00,"RT @EricLesser: Anyone doubting the power of transportation and housing investment, look at Worcester. After decades of decline, the city s‚Ä¶",[],11
1426654441403469826,Erica Swallow,2021-08-14 21:18:19+00:00,RT @swallowrealty: People have been asking us if Springfield is a good place to invest in real estate. 100% yes. Here's why: https://t.co/e‚Ä¶,[],1
1426651794835443712,Erica Swallow,2021-08-14 21:07:48+00:00,"@chrismaddern @DeLonghiUK And in case you're ever looking for a manual grinder, here's the Comandante I use! I like‚Ä¶ https://t.co/Ft9fcU0xIk",[],0
1386427772889825280,Edith & Aster,2021-04-25 21:11:54+00:00,@DiamondsintheLi @jcrew Thought of you for this beautiful @AnnTaylor trench in emerald green: https://t.co/f0KAooiLya,[],0
1386427438427561986,Edith & Aster,2021-04-25 21:10:34+00:00,"RT @ericaswallow: My self-love journey has been quite the development over the past decade. Along the way, I‚Äôve found solace in personal co‚Ä¶",[],1
1373686763483508750,Edith & Aster,2021-03-21 17:23:40+00:00,"@DiamondsintheLi Oh wow, this is stunning.",[],0
1368953139982917635,Edith & Aster,2021-03-08 15:53:57+00:00,"Happy International #WomensDay! Here's to strong women‚Äîmay we know them, be them, raise them! 

Check out our Women‚Ä¶ https://t.co/rb7ZSYMg0h",[],0
1367941005668999178,Edith & Aster,2021-03-05 20:52:05+00:00,RT @ericaswallow: Excited to choose International #WomensDay as @edithandaster‚Äôs biggest sale of the year. What better way to celebrate wom‚Ä¶,[],1
1367938730238050310,Edith & Aster,2021-03-05 20:43:03+00:00,Our BIGGEST SALE of the year starts tomorrow! 20% off all jewelry for #WomensDay! Treat yourself to something beaut‚Ä¶ https://t.co/DJkB2ToHuw,[],0
1364214075882934277,Edith & Aster,2021-02-23 14:02:36+00:00,Celebrating our first #EdithandAsterBride! This gorgeous old mine cut Victorian beauty was mailed out yesterday. Wi‚Ä¶ https://t.co/Stvn0fvlkE,[],0
1362497654924726276,Edith & Aster,2021-02-18 20:22:09+00:00,@DiamondsintheLi Yes!!,[],0
1362449066773393408,Edith & Aster,2021-02-18 17:09:05+00:00,"RT @michellemgraff: After being passed down in the family for generations, four pieces of mourning jewelry that belonged to long-reigning m‚Ä¶",[],6
1362448372544770049,Edith & Aster,2021-02-18 17:06:19+00:00,"@DiamondsintheLi Ooooo, buy two and make earrings!",[],0
1443989449222889478,Swallow Realty of Cameron Prestige,2021-10-01 17:21:27+00:00,"‚è∞ COMING SOON! An adorable, historic multi-family in Chicopee. Two units, each 2-bedroom, 1-bath. One is vacant, th‚Ä¶ https://t.co/JK9symU6aX",[],0
1442904473249062937,Swallow Realty of Cameron Prestige,2021-09-28 17:30:08+00:00,"OFFER ACCEPTED! We are so excited for our buyers for their accepted offer on this fantastic farmhouse in Ludlow, se‚Ä¶ https://t.co/usuvBna67f",[],0
1441497341874212865,Swallow Realty of Cameron Prestige,2021-09-24 20:18:42+00:00,"We had a second chance on this one‚Äîcongratulations to our lucky buyers, who were second-best with their offer, but‚Ä¶ https://t.co/j3KNt5RksT",[],0
1441052663064383496,Swallow Realty of Cameron Prestige,2021-09-23 14:51:42+00:00,"We hope the plow comes with this one. Congratulations to my buyers, who found a home that makes them feel warm and‚Ä¶ https://t.co/A5Zgf0l5h8",[],0
1440737936614383620,Swallow Realty of Cameron Prestige,2021-09-22 18:01:06+00:00,"Looking for an idyllic woodland setting, pond access, and all the joys of a nature-lover's secluded bungalow? Check‚Ä¶ https://t.co/8I4JQKr38U",[],0
1440162073061724166,Swallow Realty of Cameron Prestige,2021-09-21 03:52:49+00:00,"Another day, another happy buyer! After so many showings, we finally found the one! ü•≥ https://t.co/MulYOCmqmj",[],0
1437879561342095360,Swallow Realty of Cameron Prestige,2021-09-14 20:42:56+00:00,Beautiful showing find of the day. This leaded stained glass window has the most spectacular colors I‚Äôve seen recen‚Ä¶ https://t.co/g9fbsuRX0u,[],0
1437555864920018946,Swallow Realty of Cameron Prestige,2021-09-13 23:16:41+00:00,"Home sales report for August 2021 is in. We're still in a seller's market, with low inventory (down 34% from last y‚Ä¶ https://t.co/MfyhUjrNws",[],0
1436722619999571972,Swallow Realty of Cameron Prestige,2021-09-11 16:05:40+00:00,"Showed this 1875 beauty this morning. This girl swoons for a wrap-around porch, ya‚Äôll. Monson, you‚Äôre killin‚Äô me! ü•∞ https://t.co/fxCFYYlCji",[],0
1436688968180019204,Swallow Realty of Cameron Prestige,2021-09-11 13:51:57+00:00,We can‚Äôt help it we‚Äôre that effective! Today‚Äôs Open House at 70 Brunswick St is cancelled due to an accepted offer.‚Ä¶ https://t.co/aJLlCIL9Xw,[],0
1278296911469051905,Little Launchers,2020-07-01 11:58:27+00:00,"Inspired this morning by @booksnbros founder Sydney Keys III, who founded a book club focused on empowering boys, p‚Ä¶ https://t.co/7jaVuMAdM3",[],0
1278296333678411776,Little Launchers,2020-07-01 11:56:10+00:00,RT @CNNHeroes: Sidney Keys III is a CNN Heroes Young Wonder and the founder of @booksnbros. He says he is tired of the killings and the has‚Ä¶,[],66
1277796586794475523,Little Launchers,2020-06-30 02:50:21+00:00,14-year-old Memphis entrepreneur launches line of fashion masks for pandemic protection - way to understand the mar‚Ä¶ https://t.co/s1gL9KhCx1,[],0
,,,,,
,,,,,
,,,,,
,,,,,
,,,,,
,,,,,
,,,,,
1445493497406976017,MIT Sloan School of Management,2021-10-05 20:58:00+00:00,"In a new book, six Nobel laureates and ‚ÄúWall Street‚Äôs Wisest Man‚Äù share insights and investment advice.https://t.co/cbLCVN9M06",[],0
1445477391535460356,MIT Sloan School of Management,2021-10-05 19:54:00+00:00,"Want to encourage supply chain transparency? Start by offering carrots, not just sticks.https://t.co/xFUdDkXxMW",[],0
1445461291296907265,MIT Sloan School of Management,2021-10-05 18:50:01+00:00,A 4-step framework for returning to the office: https://t.co/heSqG60saT https://t.co/UaZ423vxxj,[],3
1445445179301761028,MIT Sloan School of Management,2021-10-05 17:46:00+00:00,"From global strategy and multi-asset investing to entrepreneurship and mobility ventures, here are six new courses‚Ä¶ https://t.co/Cv7fXcI2v7",[],1
1445429073195454468,MIT Sloan School of Management,2021-10-05 16:42:00+00:00,"For more than a decade, a longstanding conspiracy lurked beneath the hood of the German auto industry.https://t.co/6fKc7EuJPR",[],2
1445406927249461248,MIT Sloan School of Management,2021-10-05 15:14:00+00:00,"The latest insights from @mitsmr help executives lead initiatives to improve diversity, corporate culture, and supp‚Ä¶ https://t.co/z55gHTLwnF",[],3
1445394812669206544,MIT Sloan School of Management,2021-10-05 14:25:52+00:00,"RT @mitsloanexperts: Tune in tomorrow for the #PerfectPortfolio Twitter Chat, as #econ expert and host @erikbryn speaks with @MITSloan‚Äôs @A‚Ä¶",[],2
1445353575815725058,MIT Sloan School of Management,2021-10-05 11:42:00+00:00,"Leaders are advised to consider three kinds of employee dignity: behavioral, meritocratic, and inherent.https://t.co/a487HKNbEd",[],1
1445331429630566407,MIT Sloan School of Management,2021-10-05 10:14:00+00:00,"In a new book, six Nobel laureates and ‚ÄúWall Street‚Äôs Wisest Man‚Äù share insights and investment advice.https://t.co/cbLCVNrnoG",[],3
1445131109570854913,MIT Sloan School of Management,2021-10-04 20:58:00+00:00,Here are six emergent ideas students are studying.https://t.co/qxQsWubMYN,[],3
1445499285026476037,Simmons University,2021-10-05 21:21:00+00:00,"With views like these, we can understand why people fall in love with campus. 

üì∑: Paul Geisler, Associate Dean of‚Ä¶ https://t.co/KGW1Q9AUG8",[],1
1445483726855491592,Simmons University,2021-10-05 20:19:10+00:00,"Erin Graney ‚Äô21 didn't have the typical college experience, but after transferring to Simmons and taking time off t‚Ä¶ https://t.co/pIpZlqLExp",[],0
1445421168530493440,Simmons University,2021-10-05 16:10:35+00:00,.@DoorDash set its first public benchmark for representation and pay equity across their corporate team. The compan‚Ä¶ https://t.co/8geO7OH3p9,[],0
1445404316588822541,Simmons University,2021-10-05 15:03:38+00:00,"RT @HarveyCottrell2: @JohnWF3 Check out DSW @SimmonsUniv  the degree uses a framework Diversity, Equity, Inclusion, Intersectionality, Powe‚Ä¶",[],1
1445404228877443072,Simmons University,2021-10-05 15:03:17+00:00,"RT @SimmonsLibrary: The @SimmonsUniv Library provides access to the online editions of the @BostonGlobe and the @nytimes. To get access, vi‚Ä¶",[],1
,,,,,
,,,,,
,,,,,
,,,,,
,,,,,
,,,,,
,,,,,
,,,,,
,,,,,
,,,,,
,,,,,
,,,,,
,,,,,
,,,,,
,,,,,
,,,,,
,,,,,
,,,,,
,,,,,
,,,,,
,,,,,
,,,,,
,,,,,
,,,,,
,,,,,
,,,,,
,,,,,
,,,,,
,,,,,
,,,,,
,,,,,
,,,,,
,,,,,
,,,,,
,,,,,
