id,date,text,comments,retweet_count
Martin Lorance,2014-12-30 11:32:18+00:00,"Top Reasons to Visit Thailand
http://t.co/EQVzpkVXEm http://t.co/BhDHCEJPNX",[],5
Martin Lorance,2014-12-30 11:31:50+00:00,"Top Places to visit in Melbourne Florida
http://t.co/Hg9tIQ5OIM http://t.co/sCDAI6p1I4",[],0
Martin Lorance,2014-12-30 11:31:10+00:00,"Top Islands in Malaysia for Travelers
http://t.co/yjc7tb09yj http://t.co/A5GL3FWrx3",[],1
Martin Lorance,2014-12-30 09:53:46+00:00,Thailand is an ideal destination for tourist seeking an exotic getaway. The country is popular for its historical... http://t.co/6635VXE7Kk,[],0
Martin Lorance,2014-12-30 09:51:47+00:00,Melbourne is known to be one of the Florida‚Äôs most ancient cities that are full of history. It is also a city of... http://t.co/b6P9MFlYiT,[],0
Martin Lorance,2014-12-30 09:51:12+00:00,One of the main reasons that make Malaysia to stand out among other popular tourist attractions is due to its... http://t.co/dWDJToOcZa,[],0
Martin Lorance,2014-12-06 09:59:38+00:00,"RT @TwavelTweeter: Is a #cashew a fruit or a nut? http://t.co/H3p2cDTDYM #TravelBoldly #Rio de Janeiro, #Brazil",[],1
Martin Lorance,2014-12-06 09:59:36+00:00,RT @Roamancing: More on ... in the afternoon. #PubHoppingOntheSketchySide of #Victoria! Now we need to sleep!  Alarm coming too soon!,[],1
Martin Lorance,2014-12-06 09:59:34+00:00,RT @mrdavidwhitley: @Aerohaveno Yep. I'm pretty much blocked up until mid-Feb. But after that it'll go dry as I've got to be at home for at‚Ä¶,[],1
Martin Lorance,2014-12-06 09:59:31+00:00,RT @Aerohaveno: @mrdavidwhitley Always frustrating. At least this year I've scored a number of articles to write during the brain-dead seas‚Ä¶,[],1
Martin Lorance,2014-12-06 09:59:29+00:00,"RT @mrdavidwhitley: Well, looking through that gargantuan list of unpaid invoices has put me thoroughly into the festive spirit.",[],3
Martin Lorance,2014-12-06 09:59:27+00:00,RT @Bairdtravels: Edinburgh at Christmas http://t.co/wPm63x0XuF,[],1
Martin Lorance,2014-12-06 09:59:17+00:00,RT @GALLERY_PIECES: http://t.co/FKSKVT5N2f http://t.co/WlbMYXwBYA ‚òº,[],3
Martin Lorance,2014-12-06 09:59:13+00:00,RT @journeyjottings: The Journey Jottings Daily is out! http://t.co/fJiaONqOK7 Stories via @cre8ive3dom @Write_On_It @SiripalaBot,[],1
Martin Lorance,2014-12-06 09:59:09+00:00,RT @skconcepts: What Is Your Social Media Value Proposition? http://t.co/TFDJR76sYJ via @SteamFeedcom,[],2
Martin Lorance,2014-12-06 09:59:06+00:00,"RT @keighleybus: ROADWORKS -SAT 6/SUN 7 DEC - SERVICE 66/66A From 9am Holme Lane,Crosshills closed buses to divert shuttle bus to run http:‚Ä¶",[],2
Martin Lorance,2014-12-06 09:59:05+00:00,RT @OrnaOR: 7 Really Great Resources That Will Prepare You For Italy http://t.co/nLCLTYAQCQ via @dirtyfilthyME,[],1
Martin Lorance,2014-12-06 09:59:03+00:00,"RT @ExperienceEgypt: #DYK that #Jesus &amp; #Virgin #Mary were among #Egypt's early #tourists?
#Visit_Egypt &amp; #follow the #HolyFamilyTrail :) h‚Ä¶",[],9
Martin Lorance,2014-12-02 09:07:18+00:00,"For some people, staying in hostels is their number one choice. This is probably because they love the companies... http://t.co/wCID7ZpYjj",[],0
Martin Lorance,2014-12-01 07:17:46+00:00,RT @RandomlyRachels: Check out our itinerary and budget for our trip to #Oahu #travelbloggers http://t.co/39vKh0fMOc,[],4
ceil miller bouchet,2020-08-14 01:33:46+00:00,@MediacomSupport URGENT my 91-year-old parents in Iowa City have had no service since the storm. Mom has been stand‚Ä¶ https://t.co/sr8l7eEG6F,[],0
ceil miller bouchet,2020-04-24 13:15:29+00:00,"@jesuisbookgirl @All @Accor I agree. @Accor and @All you need to address this bad customer service now, please. Eve‚Ä¶ https://t.co/ivxh0OYWCG",[],0
ceil miller bouchet,2020-04-23 22:12:25+00:00,"@All @Accor because of Covid19 we aren‚Äôt traveling to France for an event that will NOT be reacheduled. Yes, I book‚Ä¶ https://t.co/USrRnSCigi",[],0
ceil miller bouchet,2020-04-23 13:45:35+00:00,Beautiful words by one of my favorite writers üåà‚Å¶@indagaretravel‚Å©  https://t.co/Es936Icnzb,[],1
ceil miller bouchet,2020-04-18 13:26:56+00:00,@All I look forward to hearing from you about our cash refund‚Äîdid you receive the email and reservation number I sent you via DM?,[],0
ceil miller bouchet,2020-04-13 21:02:23+00:00,@Accor @All why can‚Äôt I receive a cash refund for my May 2-3 reservation at the Mercure Parc du Coudray Demeure de‚Ä¶ https://t.co/lq6iS2vaFN,[],0
ceil miller bouchet,2020-04-02 16:33:54+00:00,@AirbnbHelp our daughter‚Äôs May 18 college graduation is cancelled. Please lmk what reason I should check so that I‚Ä¶ https://t.co/AUNeXyLAQR,[],1
ceil miller bouchet,2020-04-01 20:38:10+00:00,@AirbnbHelp pls help me to cancel my reservation and get a full refund of my deposit. I just tried to cancel my res‚Ä¶ https://t.co/KboAAi4bSi,[],1
ceil miller bouchet,2020-03-31 11:59:58+00:00,"@aliciakennedy Nope, @aliciakennedy I‚Äôm even more careful now because this situation has made me more conscious of‚Ä¶ https://t.co/d4vtPhKpsr",[],0
ceil miller bouchet,2020-03-30 14:46:56+00:00,@AirbnbHelp Following closely because our daughters May18 graduation was cancelled and we need our refund badly.,[],0
ceil miller bouchet,2019-12-19 16:11:17+00:00,@usembbrussels @washingtonpost Many thanks. I‚Äôm honored to have had the opportunity to shed new light on  this fasc‚Ä¶ https://t.co/Ty7RnfXnRi,[],0
,,,,
,,,,
,,,,
,,,,
,,,,
,,,,
,,,,
,,,,
,,,,
ceil miller bouchet,2020-08-14 01:33:46+00:00,@MediacomSupport URGENT my 91-year-old parents in Iowa City have had no service since the storm. Mom has been stand‚Ä¶ https://t.co/sr8l7eEG6F,[],0
ceil miller bouchet,2020-04-24 13:15:29+00:00,"@jesuisbookgirl @All @Accor I agree. @Accor and @All you need to address this bad customer service now, please. Eve‚Ä¶ https://t.co/ivxh0OYWCG",[],0
ceil miller bouchet,2020-04-23 22:12:25+00:00,"@All @Accor because of Covid19 we aren‚Äôt traveling to France for an event that will NOT be reacheduled. Yes, I book‚Ä¶ https://t.co/USrRnSCigi",[],0
ceil miller bouchet,2020-04-23 13:45:35+00:00,Beautiful words by one of my favorite writers üåà‚Å¶@indagaretravel‚Å©  https://t.co/Es936Icnzb,[],1
ceil miller bouchet,2020-04-18 13:26:56+00:00,@All I look forward to hearing from you about our cash refund‚Äîdid you receive the email and reservation number I sent you via DM?,[],0
ceil miller bouchet,2020-04-13 21:02:23+00:00,@Accor @All why can‚Äôt I receive a cash refund for my May 2-3 reservation at the Mercure Parc du Coudray Demeure de‚Ä¶ https://t.co/lq6iS2vaFN,[],0
ceil miller bouchet,2020-04-02 16:33:54+00:00,@AirbnbHelp our daughter‚Äôs May 18 college graduation is cancelled. Please lmk what reason I should check so that I‚Ä¶ https://t.co/AUNeXyLAQR,[],1
ceil miller bouchet,2020-04-01 20:38:10+00:00,@AirbnbHelp pls help me to cancel my reservation and get a full refund of my deposit. I just tried to cancel my res‚Ä¶ https://t.co/KboAAi4bSi,[],1
ceil miller bouchet,2020-03-31 11:59:58+00:00,"@aliciakennedy Nope, @aliciakennedy I‚Äôm even more careful now because this situation has made me more conscious of‚Ä¶ https://t.co/d4vtPhKpsr",[],0
ceil miller bouchet,2020-03-30 14:46:56+00:00,@AirbnbHelp Following closely because our daughters May18 graduation was cancelled and we need our refund badly.,[],0
ceil miller bouchet,2019-12-19 16:11:17+00:00,@usembbrussels @washingtonpost Many thanks. I‚Äôm honored to have had the opportunity to shed new light on  this fasc‚Ä¶ https://t.co/Ty7RnfXnRi,[],0
,,,,
,,,,
,,,,
,,,,
,,,,
,,,,
,,,,
,,,,
,,,,
TravellingHistorian,2021-09-12 18:01:04+00:00,"My friend @loxyisme makes the best earrings!! Buy them now before I do ! 
https://t.co/uxqtUwYVRN",[],0
TravellingHistorian,2021-07-21 22:47:36+00:00,RT @travelhistorian: I don‚Äôt post much on here but wanted to share a friend‚Äôs clay earrings page. She also takes requests! They are so well‚Ä¶,[],1
TravellingHistorian,2021-07-21 22:47:09+00:00,I am heading to Toronto to watch the #BlueJays next week when they finally return to Canada! I haven‚Äôt been on a pl‚Ä¶ https://t.co/EJPjMxu35U,[],0
TravellingHistorian,2021-07-18 19:18:30+00:00,She also has an Instagram page; https://t.co/rVzanYVf0N,[],0
TravellingHistorian,2021-07-18 19:17:37+00:00,I don‚Äôt post much on here but wanted to share a friend‚Äôs clay earrings page. She also takes requests! They are so w‚Ä¶ https://t.co/Ujy9GrgItk,[],1
TravellingHistorian,2019-02-15 21:25:44+00:00,A year ago I was in #PyeongChang for the Olympics! #CanadianGold Such fun! https://t.co/JW4De8EvHJ,[],0
TravellingHistorian,2018-08-29 10:12:03+00:00,The best beaches in Thailand https://t.co/GrRhkndkM1 via @MarPagesTWL https://t.co/psriccxfFu,[],0
TravellingHistorian,2018-08-29 09:12:02+00:00,21 Signs You're Totally Addicted to Travel https://t.co/BZetk0rINz via @mappingmegan https://t.co/LwwIMGtM6B,[],0
TravellingHistorian,2018-08-29 07:12:04+00:00,Black Forest Cupcakes https://t.co/8KPjtH8qMf via @WanderingEds https://t.co/LjaNXUocWB,[],0
TravellingHistorian,2018-08-29 06:12:02+00:00,10 Creepy Places in Italy You Need to Check Out https://t.co/LM6sdESFeq via @FairytaleTVLR https://t.co/JjO4cn7nyq,[],0
TravellingHistorian,2018-08-29 05:12:04+00:00,Things to Do in Winnipeg: A Couples Getaway Guide https://t.co/1pJg8ATMQ5 via @JustinLaurenXO https://t.co/8oHuJPx4Ha,[],0
TravellingHistorian,2018-08-29 04:12:03+00:00,The Hurtigruten Cruise - Witness the Aurora Borealis https://t.co/XvP8y0FNWI via @WanderingEds https://t.co/ICR5p7KEvg,[],1
TravellingHistorian,2018-08-29 03:12:03+00:00,Camping 101: What to Pack for an Australian Camping Adventure https://t.co/oh59DBlTJH via @mappingmegan https://t.co/gVn462iMdh,[],0
TravellingHistorian,2018-08-29 01:12:05+00:00,Best locations in Prague for photography #visitczechrepublic #troveon¬† https://t.co/KHo4lvG0AA via @GoAwesomePlaces https://t.co/rKJLbjwnhw,[],0
TravellingHistorian,2018-08-29 00:12:02+00:00,The best beaches in Southeast Asia https://t.co/gq5wvKS8D8 via @MarPagesTWL https://t.co/CP8TqM2CQv,[],0
TravellingHistorian,2018-08-28 22:12:04+00:00,Hedonistic Hot Springs NSW including Moree Hot Springs (+ Bonus Hot Springs!) https://t.co/EFYLwijXfy via @Pretraveller,[],0
TravellingHistorian,2018-08-28 21:12:05+00:00,Kerio Valley https://t.co/WKa0i73YYR via @Safari254 https://t.co/iUfY8Bb0EN,[],0
TravellingHistorian,2018-08-28 19:12:02+00:00,"Belgian Beer and Chocolate, Walking Tours in Brussels https://t.co/9ifRrOOAij via @FairytaleTVLR",[],1
TravellingHistorian,2018-08-28 17:13:03+00:00,Woodstock Summer Concert Series https://t.co/isn4MEfWBV via @FairytaleTVLR https://t.co/tsMtN3AIoM,[],0
TravellingHistorian,2018-08-28 16:12:02+00:00,"The Best Of: Two Days in Porto, Portugal https://t.co/lbvzIgd2Go via @Hannahlogan21 https://t.co/6lFetxriXD",[],0
Travellers Archive,2021-10-04 19:26:59+00:00,"RT @erik_fluegge: Ein einziger Konzern ist down und die halbe Welt ist kommunikativ lahmgelegt...

Fr√ºher hat man ja Monopole zerschlagen.‚Ä¶",[],238
Travellers Archive,2021-09-26 04:38:40+00:00,"RT @NicoloReiseblog: ‚õ± Ich habe Deutschlands Reiseblogger gefragt: Welches ist Deine Lieblingskirche? üíô
üöÄ Herausgekommen ist ein toller Bei‚Ä¶",[],10
Travellers Archive,2021-09-15 07:23:07+00:00,"35 gute Gr√ºnde, einen Ausflug in NRW zu machen. https://t.co/m4wczXbbdd #nrw #reisen @TourismusNRW",[],0
Travellers Archive,2021-08-09 15:25:54+00:00,"Wusstet ihr, dass es W√ºsten im Iran gibt? https://t.co/VSYKkF9f10 #iran #reisen",[],0
Travellers Archive,2021-08-09 09:39:29+00:00,Welche Seen in Berlin lohnen sich wirklich? Wir haben uns f√ºr euch umgeschaut. https://t.co/lVlHNH3ipN #visitberlin #berlin @visitberlin,[],0
Travellers Archive,2021-08-09 06:09:30+00:00,The best things to do in Lebanon https://t.co/R5kBZwJSVq #travel #lebanon,[],0
Travellers Archive,2021-08-07 13:04:27+00:00,Scheveningen: Unsere Tipps f√ºr Hollands sch√∂nsten Strand https://t.co/dZunZnWpi0 #holland #scheveningen,[],0
Travellers Archive,2021-08-02 21:26:17+00:00,Was See ich denn da? Die 15 sch√∂nsten Seen in Bayern. #bayern ‚Å¶@Dein_Bayern‚Å©  https://t.co/cww8SRZM3Z,[],0
Travellers Archive,2021-07-17 10:57:43+00:00,"Baleal, Portugal: The young man and the taverna https://t.co/38iY3v7l3r #baleal #portugal",[],0
Travellers Archive,2021-07-14 12:46:11+00:00,Plovdiv in Bulgarien: Highlights &amp; Tipps f√ºr die Kulturhauptstadt https://t.co/77zMVTPxcC #ploviv #bulgarien,[],0
Travellers Archive,2021-07-02 08:42:21+00:00,Die besten Sehensw√ºrdigkeiten in Hamburg https://t.co/oVWGNLI8Mc #hamburg #meineperle,[],1
Travellers Archive,2021-06-18 11:19:54+00:00,"Bereit f√ºrs Wochenende, Berlin? Ab an den See! https://t.co/lVlHNH3ipN #travellersarchive @BerlinTourism #berlin #badesee",[],1
Travellers Archive,2021-06-15 15:45:49+00:00,31 geniale Outdoor-Geschenke f√ºr Camper https://t.co/p5q79VfeaU #vanlife #camping,[],0
Travellers Archive,2021-06-09 16:36:43+00:00,@Maximus2511 @Kappeln @SHurlaub Es gibt so viele sch√∂ne Fahrradwege rund um Kappeln. Wir sind bis zum Strand Sch√∂nhagen geradelt.,[],0
Travellers Archive,2021-06-09 16:26:43+00:00,"Time for a proper sunset, #Plovdiv ! https://t.co/hfWAeHsIQv",[],0
Travellers Archive,2021-06-08 07:02:28+00:00,Wart ihr schonmal in Kappeln an der Schlei? Dann wird‚Äòs aber Zeit. https://t.co/4pvoVZ9Ynh #kappeln #ostsee @Kappeln @SHurlaub,[],2
Travellers Archive,2021-05-21 09:09:07+00:00,Wart ihr schonmal an einem holl√§ndischen Strand? Wir haben da was f√ºr euch. üòçhttps://t.co/dZunZnWpi0‚Ä¶ https://t.co/hXbnI1NLpq,[],1
Travellers Archive,2021-05-18 14:15:46+00:00,"Hach, wir lieben Z√ºrich einfach. Ihr auch? https://t.co/jyiehBvc7c #zuerich  #schweiz @STMediaD",[],0
Travellers Archive,2021-05-08 09:55:53+00:00,"How much of a paradise is Fiji?
https://t.co/hAGWovE59P #fiji #southpacific",[],0
Travellers Archive,2021-04-30 17:50:20+00:00,Please meet the Mursi people of Southern #Ethiopia https://t.co/OckbyUgRL6 #mursipeople #travel,[],1
Peregrine Magazine,2014-05-13 10:07:06+00:00,"RT @jadaleaf: The Odyssey is still widely read, almost 3,000 years after it was first composed @PeregrineMag &gt;http://t.co/QQHqo2UQvH",[],1
Peregrine Magazine,2014-04-22 21:09:29+00:00,RT @RoxanneReidSA: Gorgeous photoblog of Morocco: http://t.co/fwB57Gllic RT @GetawayMagazine @PeregrineMag @AndrewKirkby #morocco #afritrav‚Ä¶,[],5
Peregrine Magazine,2014-04-16 12:40:09+00:00,"RT @RoadsKingdoms: In Alexandria, a Film for the Future: reclaiming Egypt's cinematic golden age http://t.co/MDfO0L1Xeo",[],1
Peregrine Magazine,2014-04-02 14:13:29+00:00,RT @GetawayMagazine: We're loving @AndrewKirkby's amazing Morocco photoblog in @PeregrineMag: http://t.co/8b8p1LJByp,[],2
Peregrine Magazine,2014-03-26 15:44:25+00:00,RT @outbounding: Stunning timelapse from Everest http://t.co/4JDH3MbBJh by @eliasaikaly via @PeregrineMag #OBfave (ht @SonjaSwissLife),[],6
Peregrine Magazine,2014-03-26 05:21:41+00:00,RT @SonjaSwissLife: Mount #Everest: time lapse #Video http://t.co/rRJsH6eJwP via @outbounding &amp; @SonjaSwissLife by Sarah Duff for @Peregrin‚Ä¶,[],1
Peregrine Magazine,2014-03-24 12:45:00+00:00,Beneath the Northern Lights  http://t.co/CGhrrUVoIK,[],4
Peregrine Magazine,2014-03-14 09:20:58+00:00,RT @WanderfulWorld1: Fascinating and well-written piece --&gt; From The Odyssey to blogs: a history of travel writing: http://t.co/FT5SHkvF8d ‚Ä¶,[],1
Peregrine Magazine,2014-03-13 09:41:53+00:00,Thank you! RT @NancyMoonPR: Hi @PeregrineMag What a gorgeous online magazine http://t.co/sfuCs2t3OJ --&gt; the WHY of travel. Yay!,[],0
Peregrine Magazine,2014-03-06 07:03:43+00:00,RT @anuradhagoyal: Brilliant article on history of travel writing http://t.co/9X7bYG5f0C via @PeregrineMag #travel #travelwriting,[],1
Peregrine Magazine,2014-03-05 08:43:03+00:00,"What Happens When Your Epic Journey Ends, and All That's Changed is the Scenery? http://t.co/lxPLq1SwpP",[],0
Peregrine Magazine,2014-03-05 07:15:02+00:00,On the Delight of Discovery via @Maptia http://t.co/eXEKbt5bUb,[],1
Peregrine Magazine,2014-03-04 13:28:32+00:00,"@Spinthemap Hi Tiffany, you can email us on weare(at)peregrinemag(dot)com.",[],0
Peregrine Magazine,2014-03-04 12:45:13+00:00,Travelling without seeing: how easily you can travel the globe in a customised cocoon http://t.co/gu3EMsglZR,[],0
Peregrine Magazine,2014-03-04 08:43:00+00:00,The Philosophy of Travel by George Santayana http://t.co/EOMOKZtaMI,[],0
Peregrine Magazine,2014-03-04 07:15:01+00:00,How Capital Cities Distort Reality  http://t.co/NPjTdjdMT9,[],1
Peregrine Magazine,2014-03-03 12:45:08+00:00,Lit up by the Luminaries: the New Zealand gold rush and the Booker-prize winning novel http://t.co/2uZ6Z8z0Gq,[],0
Peregrine Magazine,2014-03-03 08:43:16+00:00,"Shaman, Swami, Sadhu, Sham: on finding enlightenment in India  http://t.co/IrOQ6gCOSw",[],0
Peregrine Magazine,2014-03-03 07:49:21+00:00,Glad you like our magazine! RT @KatieF: Lovely find of the morning is @PeregrineMag.,[],0
Peregrine Magazine,2014-03-03 07:15:03+00:00,"""Travel is a quest for not just the unknown, but the unknowing."" - Pico Iyer",[],1
Mosaic Globe,2015-08-23 15:00:18+00:00,"Traveling to S.America from N.America, consider the top 5 countries to visit. #TamAirlines runs route from N.America http://t.co/Fu8ilzPMiP",[],4
Mosaic Globe,2015-08-23 14:47:01+00:00,"South America is a land of true beauty. Everything, from the majestic Iguazu Falls that cover the Argentina,... http://t.co/XYfpwigC6n",[],0
Mosaic Globe,2015-07-16 08:18:33+00:00,4 Top Destinations in Brazil http://t.co/kD7ClDfE4f,[],0
Mosaic Globe,2015-07-16 08:17:48+00:00,4 Great Reasons to Have Your Next Holiday in Brazil http://t.co/LEr7gnOhl6,[],0
Mosaic Globe,2015-07-14 07:22:15+00:00,A horse trailer which is also known as a horse float or a horse van is used to comfortably transport the horses... http://t.co/diqur2Exnd,[],0
Mosaic Globe,2015-04-13 05:43:30+00:00,Vacations present us with the perfect opportunity for families to bond and just have a good time with away from... http://t.co/jtG6NmYAye,[],0
Mosaic Globe,2015-04-13 05:39:14+00:00,Four Reasons to Pick Costa Rica for Your Next Family #vacation :  with the perfect opportunity for families http://t.co/YYgOOzZJVz,[],0
Mosaic Globe,2015-03-10 09:50:15+00:00,"If you are searching for an interesting and pleasant area to visit, then try Venice in Italy.
http://t.co/Cb7DFcz8iU http://t.co/2k2FWtg28x",[],0
Mosaic Globe,2015-03-10 09:48:14+00:00,"If you are searching for an interesting and pleasant area to visit, then try Venice in Italy. It is an old but... http://t.co/ZVEKBMEX9K",[],0
Mosaic Globe,2015-03-06 16:10:27+00:00,"If you‚Äôre one of the many people who simply see the getting from A to B part of a holiday a bind, something to be... http://t.co/aTqSACNgkg",[],0
Mosaic Globe,2015-03-06 16:09:45+00:00,"If you go through the famous popular festivities published on the yearly calendar of Ecuadorian celebrations,... http://t.co/Ws3Rd35OD4",[],0
Mosaic Globe,2015-03-06 16:08:48+00:00,"Also known as the Garden City, Singapore is covered in green in most of its parts. However, some of these spots... http://t.co/PkdoBAuX9K",[],0
Mosaic Globe,2015-03-06 16:06:48+00:00,"After spending lots of time planning for your wedding, the better way of beginning the new life is to go for a... http://t.co/fQdFJbQ2wu",[],0
Mosaic Globe,2015-03-06 16:05:21+00:00,"The Nearest Hotels near the Cricket Grounds of World Cup Cricket 2015

The ICC World Cup Cricket is going to be... http://t.co/Q0l97Kq0FG",[],0
Mosaic Globe,2014-12-30 11:33:51+00:00,"7 Great Ways to Explore Liverpool on a Budget
http://t.co/uLA1B7Siam http://t.co/NkXSdf6KCw",[],0
Mosaic Globe,2014-12-30 09:55:14+00:00,"There are so many fun and free things to do in Liverpool, so you don‚Äôt have to pay an arm and a leg to enjoy your... http://t.co/BCUm9gLRQ8",[],0
Mosaic Globe,2014-12-20 10:50:20+00:00,"An Insight into Spanish Travel by Train
http://t.co/M9WM3XXY2q http://t.co/yNZ3n14k9G",[],0
Mosaic Globe,2014-12-20 10:49:47+00:00,"5 ACTIVITIES TO ENJOY ON A TOUR OF AFRICA
http://t.co/rmYPVF09kK http://t.co/Ln4xlEFMja",[],0
Mosaic Globe,2014-12-20 10:49:22+00:00,"Fly to London and Discover its Beauty
http://t.co/Rwba03knJB http://t.co/StFd7dgdkz",[],0
Mosaic Globe,2014-12-20 10:48:47+00:00,"5 Amazing Countries Perfect for an Overland Tour
http://t.co/lcZnC4BRLR http://t.co/AjzWCMHKIp",[],1
Nomadic Father,2015-01-03 01:05:08+00:00,6 Ways to find free accommodation when you travel http://t.co/zEuGYaitTf via @familyonbikes,[],9
Nomadic Father,2015-01-03 00:35:07+00:00,Reviewing 2014: My Best Travel Moments http://t.co/v0RhAPWt8b via @travelnotes101,[],0
Nomadic Father,2015-01-03 00:05:07+00:00,Into The Woods Interviews with Emily Blunt &amp; James Corden http://t.co/9HlYtq17FG via @alittlebiteof,[],0
Nomadic Father,2015-01-02 23:35:08+00:00,Day 3 Norwegian Breakaway Cruise http://t.co/xtDe49W7m5 via @HaveSippy,[],0
Nomadic Father,2015-01-02 23:05:07+00:00,Pop Art Marilyn Monroe OOTD | Everything below $25 http://t.co/lIy91n5uGR via @girlratesworld,[],0
Nomadic Father,2015-01-02 22:35:07+00:00,2014 Travel Roundup and Our Most Popular Posts http://t.co/MeiKyJYiO2 via @Mytanfeet,[],0
Nomadic Father,2015-01-02 22:05:05+00:00,Easy Brie Bites http://t.co/S5sUizJ32U via @alittlebiteof,[],0
Nomadic Father,2015-01-02 21:35:10+00:00,Costa Rica Family Travel Guide http://t.co/YJBpIUqExc via @AWeekattheBeach,[],0
Nomadic Father,2015-01-02 21:05:07+00:00,Postcards From Around The World. One Year In Pictures http://t.co/lJMrEXoaqQ via @vagrantsotworld,[],0
Nomadic Father,2015-01-02 20:35:05+00:00,24 Hours in Berlin? No Problem. http://t.co/JiKWu0CYf8 via @AndreaAta13,[],0
Nomadic Father,2015-01-02 20:05:06+00:00,Daves Travel Pages: Recycling 2014 http://t.co/LhMvcsgSsJ via @davestravelpage,[],0
Nomadic Father,2015-01-02 19:35:06+00:00,December Giveaway: The Little Black Book of Holiday Cheer http://t.co/MSR4uw3Zkn via @GoldWineTravel,[],0
Nomadic Father,2015-01-02 19:05:04+00:00,List of cruise set sail in 2015 http://t.co/gqSNX44ZoA via @suhuinfo,[],0
Nomadic Father,2015-01-02 18:35:05+00:00,Knock'em Dead New Year's Eve with the Most Requested Celebrity Hairstyle of 2014! Courtesy of... http://t.co/Ax4x1TN8iI via @LAStory,[],0
Nomadic Father,2015-01-02 18:05:05+00:00,The Best of Travel 2014 http://t.co/H3e3G70ah4 via @WorldWideVeggie,[],0
Nomadic Father,2015-01-02 17:35:04+00:00,My Marketing Favorites of 2014 http://t.co/XFS3hX3K9O via @wadeharman,[],0
Nomadic Father,2015-01-02 17:05:04+00:00,Avoid The Common SEO Pitfalls In 2015 #SEO #tips http://t.co/3wE3HvwivE via @amberrisme,[],0
Nomadic Father,2015-01-02 16:35:04+00:00,Lindt Chocolate and Wine Tasting Event at Vinopolis http://t.co/v0mhiZ4yrf via @fionamaclean,[],0
Nomadic Father,2015-01-02 16:05:05+00:00,Photo Highlights 2014: Ocean Adventures - Fun on the Water http://t.co/N2YhEA2Sxe via @RhondaAlbom,[],0
Nomadic Father,2015-01-02 15:35:04+00:00,Silent Sunday: Holmenkollen Ski Jump in Oslo http://t.co/gTsoSuP0da via @SophieR,[],0
Ladies With Luggage,2014-04-11 11:26:07+00:00,RT @Suitcases2: Our Pick of Top Things to do in Bruges Belgium http://t.co/9mZqTWfkw7,[],1
Ladies With Luggage,2014-04-10 09:51:27+00:00,RT @nakedbus_com: We have a new service departing New Plymouth to anywhere up north at 7am! Super cheap seats available so be quick - http:‚Ä¶,[],2
Ladies With Luggage,2014-03-30 08:14:18+00:00,RT @WildJunket: Top 10 scenic drives in New Zealand - #travel #wjmag http://t.co/9BDrNPHxhN,[],4
Ladies With Luggage,2014-03-03 08:39:05+00:00,10 essentials to pack if you're heading to #Africa; can you think of anything else?  http://t.co/zml2Qds6pJ ‚Ä¶@African_Impact,[],6
Ladies With Luggage,2014-02-23 04:23:15+00:00,World Map bed Sheets! How awesome is this?! http://t.co/KP0pNbl5VU,[],1
Ladies With Luggage,2014-02-23 03:26:34+00:00,"Do you suffer from an addiction to world travel? Join a community of other adicts here... 
https://t.co/TFOXLdBwkg http://t.co/nYE8EEynf9",[],1
Ladies With Luggage,2014-02-17 09:44:43+00:00,"In need of some inspiration this Monday? Check out these awesome travel photos and quotes... 
http://t.co/BW6MMVVNHu",[],1
Ladies With Luggage,2014-02-17 09:11:33+00:00,RT @ByAshleyMarie: Never go without these 5 beauties when traveling to my fave @marriott hotels. #travelbeauty http://t.co/4xtmR8R3HN,[],3
Ladies With Luggage,2014-02-12 06:27:06+00:00,"My secret weapon to stay looking fresh when travelling...  http://t.co/arEtf1Z1JK ‚Ä¶
@BatisteHair #wegosolo",[],0
Ladies With Luggage,2014-02-12 06:24:35+00:00,"Heading to #Thailand? #Cambodia? #Laos? #Vietnam? Anywhere else in #Asia? Check out this packing list to keep healthy
http://t.co/p2VvdC7UVF",[],2
Ladies With Luggage,2014-02-07 06:44:51+00:00,"The 10 Worst Types Of Travellers... Do you agree?! 
http://t.co/8eREbgWDYF 
@TravelandEscape",[],1
Ladies With Luggage,2014-02-07 06:32:22+00:00,"Planning a trip to #India? Check out this awesome packing list be in India travel veteran! http://t.co/eKNvBAyudQ
@Breathedreamgo",[],1
Ladies With Luggage,2014-02-07 06:30:27+00:00,"Stay healthy when travelling in #Asia. Check out this essential packing list... 
http://t.co/TDe2mPkjF1 #wegosolo",[],1
Ladies With Luggage,2014-01-24 05:17:55+00:00,"Heading to #Australia this year &amp; wanna travel cheaply? Check out my review of Greyhound bus service @Greyhound_Oz
http://t.co/5ncHZNKLZx",[],0
Ladies With Luggage,2014-01-24 05:06:39+00:00,"Heading to #Asia? Check out these 13 essential items to keep you healthy when on the road... 
http://t.co/p2VvdC7UVF",[],1
Ladies With Luggage,2014-01-24 03:29:13+00:00,"Planning to stay in hostels on your next trip? Check out these must-have 8 items to take with you... 
http://t.co/JKO0grUWLL",[],2
Ladies With Luggage,2014-01-23 04:46:04+00:00,"Sick of getting knots in your hair after you shower? Check out my review of the tangle teezer http://t.co/KcvVlT24o4
@tangleteezer",[],0
Ladies With Luggage,2014-01-23 04:41:21+00:00,@LightofFrance Thanks so much!,[],0
Ladies With Luggage,2014-01-21 12:47:48+00:00,"Make the most of your clothes on the road with this guide to managing a travel wardrobe...
http://t.co/7DxcBU74Qn",[],0
Ladies With Luggage,2014-01-21 12:46:09+00:00,"Planning a trip to #India? Check out this packing list written by a India travel expert...
http://t.co/KJklhzLY7x @Breathedreamgo",[],1
Kathryn O'Shea-Evans,2021-09-28 02:00:47+00:00,RT @IndianCountry: More than 150 people ‚Äî many dressed in orange shirts and waving signs ‚Äî marched through Minneapolis to remember the vict‚Ä¶,[],78
Kathryn O'Shea-Evans,2021-09-12 12:55:07+00:00,@AndrewYang Learned something very important last year. Lackluster super market pumpkin pie + vanilla ice cream + blender = o m gggggggggg,[],0
Kathryn O'Shea-Evans,2021-09-08 03:27:27+00:00,"@viallnicholas28 @wtflanksteak Gaaaaaaa I have been waiting for this ! Can‚Äôt wait for my morning commute. Thanks, you two üëëüëë",[],0
Kathryn O'Shea-Evans,2021-09-07 19:14:04+00:00,@TeoNicolais Hi Teo ! üëãüèªAre you offering any Denver-based real estate investment classes any time soon ? Thank you !,[],0
Kathryn O'Shea-Evans,2021-09-02 15:23:31+00:00,@caleb_crain @prospect_park You‚Äôre a professional photographer too ! ü§Ø,[],0
Kathryn O'Shea-Evans,2021-08-20 16:10:30+00:00,@stlfoodgirl Love her!,[],0
,,,,
,,,,
,,,,
,,,,
,,,,
,,,,
,,,,
,,,,
,,,,
,,,,
,,,,
,,,,
,,,,
,,,,
The Wall Street Journal,2021-10-05 22:00:26+00:00,"The romance between Elizabeth Holmes and her top deputy spanned more than a decade, growing and fading alongside th‚Ä¶ https://t.co/afDane7pz8",[],8
The Wall Street Journal,2021-10-05 21:45:05+00:00,Heard on the Street: The U.S. service sector was surprisingly strong last month as the Delta variant seemed to peak‚Ä¶ https://t.co/pSpYUfAQxM,[],6
The Wall Street Journal,2021-10-05 21:30:06+00:00,"Sen. Elizabeth Warren ramped up her rhetorical attacks on Federal Reserve Chairman Jerome Powell on Tuesday, lament‚Ä¶ https://t.co/UO8MZA0v3X",[],16
The Wall Street Journal,2021-10-05 21:15:09+00:00,Some music festivals are coming back and offering blueprints for what fans should expect. Here‚Äôs how the Austin Cit‚Ä¶ https://t.co/0mem5AugUl,[],4
The Wall Street Journal,2021-10-05 21:00:09+00:00,Democrats are wrestling with how to shrink a $3.5 trillion proposal into a social policy and climate package that c‚Ä¶ https://t.co/dOU5bnxLN3,[],7
The Wall Street Journal,2021-10-05 20:45:11+00:00,"From @WSJopinion: Trump carries much blame for our crisis of legitimacy, but the threat doesn‚Äôt begin and end with‚Ä¶ https://t.co/5Z7OalIRXr",[],7
The Wall Street Journal,2021-10-05 20:30:05+00:00,"Francis S. Collins, the longtime director of the National Institutes of Health who has been a leading voice in the‚Ä¶ https://t.co/zoBdgL2sI4",[],13
The Wall Street Journal,2021-10-05 20:20:00+00:00,"Oil executives worry the proposed federal vaccine mandate could worsen a crunch among field workers, many of whom a‚Ä¶ https://t.co/xDvrGoez4m",[],12
The Wall Street Journal,2021-10-05 20:15:06+00:00,"The FDA authorized a new at-home, rapid Covid-19 test, a move that could potentially double at-home testing capacit‚Ä¶ https://t.co/P77t1Pw0oG",[],25
The Wall Street Journal,2021-10-05 20:00:04+00:00,The Texas parole board unanimously voted to recommend George Floyd receive a posthumous pardon for a low-level drug‚Ä¶ https://t.co/H86EQpqkVY,[],10
The Wall Street Journal,2021-10-05 19:45:05+00:00,Former Facebook employee Frances Haugen faces an uncertain legal landscape as she speaks publicly about the social-‚Ä¶ https://t.co/sKfIdaFU7Y,[],46
The Wall Street Journal,2021-10-05 19:35:03+00:00,"Heard on the Street: Turo, the Airbnb for car sharing, has filed to go public at a time when it is difficult and ex‚Ä¶ https://t.co/ib16AG1Yom",[],14
The Wall Street Journal,2021-10-05 19:26:50+00:00,The Justice Department is reviewing its decision not to prosecute the FBI agents who disregarded Olympic gymnasts‚Äô‚Ä¶ https://t.co/SKPmqxoSLn,[],128
The Wall Street Journal,2021-10-05 19:00:04+00:00,"Actress Angelina Jolie sold her stake in a French ch√¢teau and winery business to a third party, capping a yearslong‚Ä¶ https://t.co/ulJjmZkgug",[],10
The Wall Street Journal,2021-10-05 18:50:08+00:00,Apple has been muscling into consumer payments for years. Banks that once clamored to work with the tech giant are‚Ä¶ https://t.co/SYkTzrc5Xk,[],18
The Wall Street Journal,2021-10-05 18:45:08+00:00,"In Senate testimony, Facebook whistleblower Frances Haugen detailed documents she gathered showing a range of negat‚Ä¶ https://t.co/kDp2XVQkrT",[],53
The Wall Street Journal,2021-10-05 18:34:37+00:00,"Facebook blamed an error of ""our own making"" for a global outage that left more than 2.9 billion users unable to ac‚Ä¶ https://t.co/OUtK3qcn2F",[],25
The Wall Street Journal,2021-10-05 18:25:02+00:00,"Steve Baldwin resigned as Washington Spirit CEO and managing partner, as fallout continued from reports of abuse an‚Ä¶ https://t.co/EoafPxbL6t",[],11
The Wall Street Journal,2021-10-05 18:00:12+00:00,"Nikki Haley calls Donald Trump a friend and says she‚Äôd consult with him before embarking on a White House bid. ""We‚Ä¶ https://t.co/eZW1NdBp1y",[],26
The Wall Street Journal,2021-10-05 17:45:08+00:00,"The first big Windows release in years is here, but you should hold off on clicking the upgrade button,‚Ä¶ https://t.co/LmxEzYdasq",[],11
New York Times Travel,2021-10-05 21:59:08+00:00,RT @amyvirshup: The wonderful Caroline van Hemert won Gold from @SATWFoundation for Personal Comment for her amazing essay about learning f‚Ä¶,[],1
New York Times Travel,2021-10-05 20:01:07+00:00,"Venice‚Äôs mayor is taking crowd control to a new level, pushing high-tech solutions that alarm even many of those wh‚Ä¶ https://t.co/cOktWDu5la",[],1
New York Times Travel,2021-10-05 18:18:04+00:00,"‚ÄúEvery time October approaches, I feel my heart crack a little with the oddest combination of joy and loss,‚Äù the no‚Ä¶ https://t.co/llIF0THRiz",[],2
New York Times Travel,2021-10-05 17:59:08+00:00,"RT @amyvirshup: Former #52Places Traveler @sebmodak won Gold for his piece on rediscovering home on his bike for #Metropolitan
https://t.co‚Ä¶",[],4
New York Times Travel,2021-10-05 17:58:49+00:00,"RT @amyvirshup: Our ""Year Without Travel"" won for Best Package. https://t.co/Kdp95alnEs Congrats to contributors @kujawinski @sahiltner @ta‚Ä¶",[],11
New York Times Travel,2021-10-05 17:58:46+00:00,RT @amyvirshup: When the world turned upside down we at @nytimestravel endeavored to explain it to readers. The @SATWFoundation Lowell Thom‚Ä¶,[],4
New York Times Travel,2021-10-05 15:14:06+00:00,"‚ÄúEach day we set out in different directions from our base, allowing the island‚Äôs beauty to unfold before us. Some‚Ä¶ https://t.co/lplfHCEUL0",[],2
New York Times Travel,2021-10-05 12:01:06+00:00,"With its sweeping vistas and meandering nature, a drive on the Blue Ridge Parkway is a scenic delight year-round. B‚Ä¶ https://t.co/USBZiDr9Ic",[],2
New York Times Travel,2021-10-05 02:21:03+00:00,"Blue Origin's second flight to space with humans on board will include William Shatner, who at 90 would be the olde‚Ä¶ https://t.co/7l8XYp7itS",[],0
New York Times Travel,2021-10-04 23:50:05+00:00,What sets Newfoundland's Irish Loop apart from other Irish enclaves in North America is how the remote location fos‚Ä¶ https://t.co/EmRTQb6Gci,[],0
New York Times Travel,2021-10-04 23:31:09+00:00,The writer Joyce Maynard looks back on her past as she reveals her favorite autumn spots ‚Äî and finds some new ones‚Ä¶ https://t.co/gM9nwKwQXw,[],3
New York Times Travel,2021-10-04 23:01:05+00:00,The actor who played Captain Kirk for decades is finally going to space...for real. https://t.co/MReFC5BkXg,[],1
New York Times Travel,2021-10-04 21:57:56+00:00,"Hot-air balloons, sandhill cranes, haunted towns and Hatch chiles are just a few signs of fall in New Mexico and Ar‚Ä¶ https://t.co/s8CQud6t3h",[],2
New York Times Travel,2021-10-04 21:50:51+00:00,"The California Delta, a four-season destination for wind sports, boating and fishing, as well as home to communitie‚Ä¶ https://t.co/NfUpSiWWCO",[],1
New York Times Travel,2021-10-04 19:27:04+00:00,"‚ÄúYes, it‚Äôs true; I‚Äôm going to be a ‚Äòrocket man!‚Äô‚Äù William Shatner said about his coming flight on New Shepard, Blue‚Ä¶ https://t.co/RFkk2JIpt8",[],6
New York Times Travel,2021-10-04 18:15:50+00:00,"Along Newfoundlands's Irish Loop, locals speak with thick brogues that sound more Irish than Canadian, the sounds o‚Ä¶ https://t.co/OoMarrPOkF",[],3
New York Times Travel,2021-10-04 17:15:08+00:00,"Immerse yourself in the visual splendor of a tiny volcanic island in the northern Andaman Sea, the only home of the‚Ä¶ https://t.co/g8SFoc0JkW",[],5
New York Times Travel,2021-10-04 16:29:10+00:00,"With its sweeping vistas and meandering nature, a drive on the Blue Ridge Parkway is a scenic delight year-round. B‚Ä¶ https://t.co/w14OdC5gym",[],2
New York Times Travel,2021-10-04 16:15:10+00:00,"""Seasons ‚Äî and the changing of the seasons ‚Äî are such a central aspect of New England life ‚Äî never more so than in‚Ä¶ https://t.co/Ma9FFOfOwW",[],4
New York Times Travel,2021-10-04 02:07:03+00:00,"What would it be like to spend a week getting your hands dirty in one of the world's great gardens, England's Great‚Ä¶ https://t.co/0SYdoeEVhK",[],4
Travel + Leisure,2021-10-05 22:04:09+00:00,11 Mountain Resorts Around the U.S. for Outdoor Adventures and Stunning Views  https://t.co/7mzY4ZbM0J,[],1
Travel + Leisure,2021-10-05 21:44:10+00:00,Canada Is Open to Americans ‚Äî and These Stunning Home Rentals Are Worthy of the Trip  https://t.co/DV68tKZFyU,[],1
Travel + Leisure,2021-10-05 21:04:10+00:00,This New LGBTQ+ Travel Show Is a 'Love Letter to the World'  https://t.co/IeAfsft8Uo,[],1
Travel + Leisure,2021-10-05 20:44:09+00:00,15 Best Lake Towns in America  https://t.co/ccZ3PCru83,[],5
Travel + Leisure,2021-10-05 20:04:07+00:00,"Australia Won't Welcome Foreign Visitors Until Next Year, Prime Minister Says  https://t.co/pIpxPTXK7i",[],6
Travel + Leisure,2021-10-05 19:04:06+00:00,Israel to Require Booster Shots for 'Green Pass' Program Eligibility  https://t.co/XXWob5PWB3,[],3
Travel + Leisure,2021-10-05 18:04:06+00:00,"Explore the Croatian Countryside at This New ‚Ç¨13,000-a-week Villa With Two Pools and Lavish Suites  https://t.co/LHIWykxnGp",[],2
Travel + Leisure,2021-10-05 17:44:05+00:00,14 Best Senior-friendly Travel Groups  https://t.co/SwrpxfWa8N,[],1
Travel + Leisure,2021-10-05 17:04:03+00:00,Spot the Northern Lights From Bed in a Glass-roofed 'Igloo' on This Star Tour of Scandinavia  https://t.co/8wBhnBq7en,[],6
Travel + Leisure,2021-10-05 16:04:01+00:00,12 of the Best Small Towns in Italy  https://t.co/Pg7Vjeu4zn,[],8
Travel + Leisure,2021-10-05 15:44:02+00:00,The Best Ice Cream Shop in Every State  https://t.co/OcMQAP7DOP,[],6
Travel + Leisure,2021-10-05 15:04:13+00:00,"What It's Really Like to Do Wine Country With an Infant, According to a New Mom  https://t.co/RWAqxB7pNV",[],4
Travel + Leisure,2021-10-05 14:44:11+00:00,The 19 Most Luxurious All-inclusive Resorts Around the World  https://t.co/7BakNYwlJ5,[],4
Travel + Leisure,2021-10-05 14:15:00+00:00,Birthday Trip Ideas for Every Type of Traveler https://t.co/6OpXK0MwMA https://t.co/7ghxXx8WRQ,[],2
Travel + Leisure,2021-10-05 14:04:11+00:00,"Everything You Need to Know About Using Turo, the Airbnb of Cars  https://t.co/1CRKpXbxJg",[],2
Travel + Leisure,2021-10-05 13:04:10+00:00,The Best Hotels Around the World for Stargazing  https://t.co/r2ePsfZGe2,[],12
Travel + Leisure,2021-10-05 12:44:10+00:00,This Under-$20 Jewelry Organizer Promises to Solve Your Tangled Necklace Troubles While Traveling  https://t.co/tlNwcxt0T4,[],3
Travel + Leisure,2021-10-05 12:04:11+00:00,The Top 15 Resorts in California https://t.co/TgTJTx69mc,[],8
Travel + Leisure,2021-10-05 11:44:09+00:00,"7 Best Small Towns on the West Coast for Wine Tasting, Whale Watching, and Beautiful Views  https://t.co/6e1qgeW7aD",[],3
Travel + Leisure,2021-10-05 11:04:09+00:00,12 Best Places to See the Northern Lights Around the World  https://t.co/WJxzb9Q5mI,[],14
HAT Directory,2014-02-09 07:59:58+00:00,"Zongoene Lodge, Xai-Xai joins HAT Directory     

http://t.co/CrGaB0km6d",[],1
HAT Directory,2014-02-09 07:57:33+00:00,"Wayside Inn, Western Cape joins HAT Directory     

http://t.co/FnRZ0FFqow",[],0
HAT Directory,2014-02-09 07:55:04+00:00,"Villa Tara, Western Cape joins HAT Directory     
http://t.co/6BDarABKsi",[],0
HAT Directory,2014-02-09 07:52:10+00:00,"VILLA CATTLEYA, Rivi√®re du Rempart joins HAT Directory    

http://t.co/Yzi2AxMwdE",[],0
HAT Directory,2014-02-09 07:48:54+00:00,"Twinpalms Phuket, Phuket joins HAT Directory     
http://t.co/LO2L7HFAw4",[],0
HAT Directory,2014-02-08 06:19:08+00:00,"Turtle Beach by rex resorts, Grand Courland Bay joins HAT Directory     

http://t.co/k1NJUdIU57",[],0
HAT Directory,2014-02-08 06:16:13+00:00,"Turneffe Island Resort , Islands &amp; Atolls  joins HAT Directory    
http://t.co/yq059ol5W9",[],0
HAT Directory,2014-02-08 06:11:09+00:00,"TIME Topaz Hotel Apartments, Dubai joins HAT Directory      
http://t.co/AO0iQlPIUL",[],0
HAT Directory,2014-02-08 06:08:41+00:00,"TIME Ruby Hotel Apartments, Sharjah joins HAT Directory    

http://t.co/TzOQxtCpyY",[],0
HAT Directory,2014-02-08 06:05:45+00:00,"TIME Opal Hotel Apartments, Dubai joins HAT Directory     

http://t.co/jShqGjekcm",[],0
HAT Directory,2014-02-08 06:03:22+00:00,"Time Oak Hotel &amp; Suites, Dubai joins HAT Directory     

http://t.co/gAmP7SdUs1",[],0
HAT Directory,2014-02-08 05:59:54+00:00,"TIME Grand Plaza Hotel, Dubai joins HAT Directory     
http://t.co/PkNbFBgaep",[],0
HAT Directory,2014-02-08 05:56:53+00:00,"TIME Crystal Hotel Apartments, Dubai joins HAT Directory     
http://t.co/0XPdAOugZY",[],0
HAT Directory,2014-02-08 05:54:41+00:00,"Thonga Beach Lodge, Kwazulu-Natal joins HAT Directory     
http://t.co/L9QldANWt1",[],0
HAT Directory,2014-02-08 05:52:01+00:00,"Thesen Island Rentals, Western Cape joins HAT Directory    

http://t.co/BQrxJmfurN",[],0
HAT Directory,2014-02-08 05:49:24+00:00,"The KEE Resort &amp; Spa, Phuket joins HAT Directory       
http://t.co/SvcOViEisp",[],0
HAT Directory,2014-02-08 05:46:26+00:00,"The Cove Rotana Resort-Ras Al Khaimah, Ras AL Khaimah joins HAT Directory    
http://t.co/Cp7yJd2Fdn",[],0
HAT Directory,2014-02-08 05:43:21+00:00,"The Champs Hotel, Restaurant &amp; Bar, Saint John joins HAT Directory     
http://t.co/ghU5HvIclq",[],0
HAT Directory,2014-02-08 05:39:09+00:00,"The Admirals Inn and Gunpowder Suites, English Harbour joins HAT Directory   

http://t.co/GjIopBL2td",[],0
HAT Directory,2014-02-08 05:21:51+00:00,"Suites - Hotel Elba Castillo San Jorge &amp; Antigua, Fuerteventura joins HAT Directory     

http://t.co/f8Cq6His6J",[],0
