,isComment,tweet_id,text,date,username,retweeted_status,retweet_count,likes,comments,comments_ids,repliesTo
1447579039514890249,False,1447579039514890249,#MondayMotivation #QuoteOfTheDay https://t.co/iyWTGF6MX1,2021-10-11 15:05:12+00:00,RobReffkin,True,2,7,{'number of replies found': 0},[],
1446498361163530243,False,1446498361163530243,"Excited to share how Compass Westchester Agent, Francie Malina, has used the Compass platform to save time, win mor‚Ä¶ https://t.co/J2TJCLX7X1",2021-10-08 15:30:58+00:00,RobReffkin,False,0,12,{'number of replies found': 0},[],
1445861490339328001,False,1445861490339328001,"Thank you to Laura, Farah, Jacquelynn, Nanette, Janis, Gloria, and Diane for participating in this beautiful campai‚Ä¶ https://t.co/d8bH6W4u2J",2021-10-06 21:20:16+00:00,RobReffkin,False,0,3,{'number of replies found': 0},[],
1445861481107517441,False,1445861481107517441,"This Breast Cancer Awareness Month the @Compass community is raising awareness by uplifting the voices of fighters,‚Ä¶ https://t.co/jMHwXaTFYB",2021-10-06 21:20:14+00:00,RobReffkin,False,0,10,{'number of replies found': 0},[],
1445514615052406789,False,1445514615052406789,I shared some of these photos of Compass memories throughout the years during the meeting and since I‚Äôm still feeli‚Ä¶ https://t.co/ZDOjQMUk9q,2021-10-05 22:21:55+00:00,RobReffkin,False,0,9,{'number of replies found': 0},[],
1445514594760286213,False,1445514594760286213,Earlier today our Compass employee team gathered for a special ‚ÄúAll Employee Team Meeting‚Äù to celebrate 9 years of‚Ä¶ https://t.co/W8htwjhYeE,2021-10-05 22:21:50+00:00,RobReffkin,True,4,23,"{'1445862103768649735': {'isComment': True, 'repliesTo': 'RobReffkin', 'tweet_id': '1445514594760286213', 'text': '@RobReffkin nothing to celebrate; your stock is in the shitter $COMP', 'date': '2021-10-06 21:22:43+00:00', 'username': 'stockthathops', 'retweeted_status': False, 'retweet_count': 0, 'likes': 0}, '1445568778360655875': {'isComment': True, 'repliesTo': 'RobReffkin', 'tweet_id': '1445514594760286213', 'text': '@RobReffkin You all did an awesome job today. The format was engaging and the stories were very entertaining. Congr‚Ä¶ https://t.co/qevCBvX1me', 'date': '2021-10-06 01:57:08+00:00', 'username': 'alexstanton17', 'retweeted_status': False, 'retweet_count': 0, 'likes': 0}, 'number of replies found': 2}","['1445862103768649735', '1445568778360655875']",
1440689122830553096,False,1440689122830553096,J Rene works hard to help agents grow their business and spends additional time making an impact as a part of our W‚Ä¶ https://t.co/TwaDooxrtr,2021-09-22 14:47:08+00:00,RobReffkin,False,0,4,{'number of replies found': 0},[],
1440689121098285066,False,1440689121098285066,J Rene has more than 20 years of experience in both the real estate and technology industries and since joining Com‚Ä¶ https://t.co/9kspU9m3A0,2021-09-22 14:47:07+00:00,RobReffkin,False,0,4,{'number of replies found': 0},[],
1440689118820724746,False,1440689118820724746,"I am pleased to highlight J Rene Walker, Broker of Record in our Greater Austin region. https://t.co/hFAwqPC63V",2021-09-22 14:47:07+00:00,RobReffkin,False,0,8,{'number of replies found': 0},[],
1440387247929368577,False,1440387247929368577,"This event was filled with agent panels, home tours, live music events, interactive networking activities and more.‚Ä¶ https://t.co/iRVBzAajZg",2021-09-21 18:47:35+00:00,RobReffkin,False,0,3,{'number of replies found': 0},[],
1440387229445099520,False,1440387229445099520,Last week I received these photos from our Jazz Aspen Luxury Retreat where some Compass agents across the country s‚Ä¶ https://t.co/tgNmG1c23J,2021-09-21 18:47:31+00:00,RobReffkin,False,0,10,{'number of replies found': 0},[],
1439958212426489860,False,1439958212426489860,#MondayMotivation #QuoteOfTheDay https://t.co/IA1VFWstES,2021-09-20 14:22:45+00:00,RobReffkin,True,1,14,{'number of replies found': 0},[],
1438870172824133633,False,1438870172824133633,"Thank you to Micaela, Juan, Reina, Fernando, Becca, Jose, Cecilia, Christopher and Brenda for sharing your beautifu‚Ä¶ https://t.co/7vGpsIbblV",2021-09-17 14:19:16+00:00,RobReffkin,True,1,2,{'number of replies found': 0},[],
1438870166528483331,False,1438870166528483331,I am proud to celebrate and recognize the amazing Latinx members of our Compass community who help make Compass so‚Ä¶ https://t.co/UifIn6ewNr,2021-09-17 14:19:15+00:00,RobReffkin,True,1,3,{'number of replies found': 0},[],
1438870160161615874,False,1438870160161615874,Happy Latinx Heritage Month! This month we celebrate the contributions the Latinx community has made to the history‚Ä¶ https://t.co/iy2caNEXzX,2021-09-17 14:19:13+00:00,RobReffkin,True,2,9,{'number of replies found': 0},[],
1438241180018479107,False,1438241180018479107,Have a meaningful Yom Kippur and Gmar Chatima Tovah! https://t.co/xLN7ht8v4W,2021-09-15 20:39:53+00:00,RobReffkin,True,1,17,{'number of replies found': 0},[],
1437900970852298767,False,1437900970852298767,I hope listeners enjoy what I shared and why it‚Äôs so important to bounce back with passion! Click the link below to‚Ä¶ https://t.co/4x9S5z18K0,2021-09-14 22:08:01+00:00,RobReffkin,True,2,15,{'number of replies found': 0},[],
1437900969673625604,False,1437900969673625604,"Thank you @ReidHoffman, for giving me the opportunity to speak with you on your fun &amp; insightful podcast,‚Ä¶ https://t.co/w1TBmweACu",2021-09-14 22:08:00+00:00,RobReffkin,True,2,15,{'number of replies found': 0},[],
1437792090696687616,False,1437792090696687616,"Thank you, Kevin, for embodying the positive and inclusive Compass culture we strive to achieve. I am grateful for‚Ä¶ https://t.co/w6O9YR9eOT",2021-09-14 14:55:21+00:00,RobReffkin,False,0,3,{'number of replies found': 0},[],
1437792089190850567,False,1437792089190850567,"When you think of Kevin, you immediately think of our Compass Entrepreneurship Principle #CollaborateWithoutEgo. Ke‚Ä¶ https://t.co/j3lfxvkZs6",2021-09-14 14:55:21+00:00,RobReffkin,False,0,4,{'number of replies found': 0},[],
1437792087282421760,False,1437792087282421760,"I am pleased to highlight Kevin Patsel, Managing Director in our San Francisco Bay Area region. Kevin started at Co‚Ä¶ https://t.co/RxakqqDwif",2021-09-14 14:55:21+00:00,RobReffkin,False,0,9,{'number of replies found': 0},[],
1437423644582498309,False,1437423644582498309,#MondayMotivation #QuoteOfTheDay https://t.co/h41i0BjwRg,2021-09-13 14:31:17+00:00,RobReffkin,True,6,8,{'number of replies found': 0},[],
1436661454787186691,False,1436661454787186691,"This city is where I have raised my family, where I met my wife, where I realized my dreams and chased them ‚Äî a pla‚Ä¶ https://t.co/e6vVqkSuTG",2021-09-11 12:02:37+00:00,RobReffkin,False,0,6,{'number of replies found': 0},[],
1436661453302403076,False,1436661453302403076,20 years ago today the unthinkable happened in New York City and our entire nation paused. As I reflect on what thi‚Ä¶ https://t.co/WOfHtUrmiY,2021-09-11 12:02:37+00:00,RobReffkin,True,3,16,{'number of replies found': 0},[],
1436373397752238120,False,1436373397752238120,It‚Äôs great to see how this team gathered together on behalf of this beautiful initiative to give back to those impa‚Ä¶ https://t.co/NfyMSvziPI,2021-09-10 16:57:59+00:00,RobReffkin,False,0,1,{'number of replies found': 0},[],
1436373395554381825,False,1436373395554381825,"One of our new Compass Greater Raleigh teams, Team Trevor recently got together to sponsor and take part in a 5K ev‚Ä¶ https://t.co/J9trH8aqNb",2021-09-10 16:57:58+00:00,RobReffkin,False,0,9,{'number of replies found': 0},[],
1436089354208915458,False,1436089354208915458,"So happy that Richard has joined the Compass community! @jonsteinberg, can't wait for you to become a Compass clien‚Ä¶ https://t.co/oXIJkedChR",2021-09-09 22:09:17+00:00,RobReffkin,False,0,12,{'number of replies found': 0},[],
1436025035123314694,False,1436025035123314694,"Thank you, Kristy, for showcasing such passion and drive within our Compass community and beyond ‚Äî we are grateful to have you on the team!",2021-09-09 17:53:43+00:00,RobReffkin,False,0,2,{'number of replies found': 0},[],
1436025033844006915,False,1436025033844006915,"And, in her free time, Kristy serves her local association as the past-President of the Greater Nashville Realtors‚Ä¶ https://t.co/Qk0cKLTXF5",2021-09-09 17:53:42+00:00,RobReffkin,False,0,3,{'number of replies found': 0},[],
1436025032526999564,False,1436025032526999564,"In addition to her role as a Managing Director, Kristy is a member of our Diversity Council and Women of Compass gr‚Ä¶ https://t.co/uAkUiDVOxC",2021-09-09 17:53:42+00:00,RobReffkin,False,0,2,{'number of replies found': 0},[],
1436025030702473220,False,1436025030702473220,"I am excited to highlight Kristy Hairston, Managing Director in the Compass Greater Nashville region. Kristy is a b‚Ä¶ https://t.co/xiuRDZyh1j",2021-09-09 17:53:42+00:00,RobReffkin,False,0,18,{'number of replies found': 0},[],
1435611639043211270,False,1435611639043211270,"Having first started with 27 agents the OC team is now 600+ agents strong today, becoming the #1 Independent Broker‚Ä¶ https://t.co/v6Yv9YaZdw",2021-09-08 14:31:01+00:00,RobReffkin,False,0,2,{'number of replies found': 0},[],
1435611630646214657,False,1435611630646214657,I want to take a moment and spotlight our Orange County team in California who is constantly #DreamingBig! Compass‚Ä¶ https://t.co/PIUMu3oC6w,2021-09-08 14:30:59+00:00,RobReffkin,True,1,11,{'number of replies found': 0},[],
1435020277600108548,False,1435020277600108548,"L'shanah tovah, everyone! I am grateful for being able to spend extra time with my family this year. Wishing everyo‚Ä¶ https://t.co/BAYpehxjQ0",2021-09-06 23:21:10+00:00,RobReffkin,True,1,18,{'number of replies found': 0},[],
1434849484555657217,False,1434849484555657217,I hope everyone is having a great long weekend enjoying the remainder of their summer with friends and family.,2021-09-06 12:02:29+00:00,RobReffkin,False,0,6,{'number of replies found': 0},[],
1434849482907209738,False,1434849482907209738,Wishing everyone a wonderful Labor Day! Every year I am thankful to our Compass agents and employees for all of the‚Ä¶ https://t.co/PF9VyjPEgn,2021-09-06 12:02:29+00:00,RobReffkin,True,2,23,{'number of replies found': 0},[],
1433083764612161541,False,1433083764612161541,"and productivity routine, and join a Zoom call at 6 am every Tuesday and Thursday to connect. Skye, thanks for alwa‚Ä¶ https://t.co/ACsQ2aLUoP",2021-09-01 15:06:09+00:00,RobReffkin,False,0,3,{'number of replies found': 0},[],
1433083763550998533,False,1433083763550998533,"In addition to his role as a Managing Director, Skye started and leads the wildly popular ‚Äò6AMERS group‚Äô at Compass‚Ä¶ https://t.co/1sG3qM2lzb",2021-09-01 15:06:09+00:00,RobReffkin,False,0,4,{'number of replies found': 0},[],
1433083761919418369,False,1433083761919418369,"I‚Äôm excited to highlight Skye Michiels, Managing Director in the Compass Philadelphia region. Skye recently celebra‚Ä¶ https://t.co/dEiLWzyvKK",2021-09-01 15:06:08+00:00,RobReffkin,False,0,9,{'number of replies found': 0},[],
1432764153807114242,False,1432764153807114242,Great to see these groups finding ways to come together and am excited to see other teams spending time with each o‚Ä¶ https://t.co/v1y1wGAOdt,2021-08-31 17:56:08+00:00,RobReffkin,False,0,4,{'number of replies found': 0},[],
1445862103768649735,True,1445514594760286213,@RobReffkin nothing to celebrate; your stock is in the shitter $COMP,2021-10-06 21:22:43+00:00,stockthathops,False,0,0,,,RobReffkin
1445568778360655875,True,1445514594760286213,@RobReffkin You all did an awesome job today. The format was engaging and the stories were very entertaining. Congr‚Ä¶ https://t.co/qevCBvX1me,2021-10-06 01:57:08+00:00,alexstanton17,False,0,0,,,RobReffkin
1447511920140070916,False,1447511920140070916,RT @KnowYourValue: .@GEM_AmplifyHER's @MsBKB joins @laurenleaderAIT and @dpierrebravo to share how her Texas advocacy group is helping moth‚Ä¶,2021-10-11 10:38:29+00:00,laurenleaderAIT,True,1,0,{'number of replies found': 0},[],
1447363387525115904,False,1447363387525115904,"RT @axios: There are twice as many states that have solid, Republican-controlled legislatures as those with solid, Democratic-controlled on‚Ä¶",2021-10-11 00:48:16+00:00,laurenleaderAIT,True,34,0,{'number of replies found': 0},[],
1447180822331764736,False,1447180822331764736,"RT @KnowYourValue: #WorldMentalHealthDay: Addressing the mental health disparity for women of color

Featuring @laurenleaderAIT, @dpierrebr‚Ä¶",2021-10-10 12:42:50+00:00,laurenleaderAIT,True,2,0,{'number of replies found': 0},[],
1446999861207912454,False,1446999861207912454,"@WillieGeist @machinegunkelly @nbc Admit it, you almost wore the same outfit.",2021-10-10 00:43:45+00:00,laurenleaderAIT,False,0,16,{'number of replies found': 0},[],
1446906229482217480,False,1446906229482217480,RT @KnowYourValue: .@GEM_AmplifyHER @MsBKB joins @laurenleaderAIT and @dpierrebravo to explain how her Texas advocacy group is helping moth‚Ä¶,2021-10-09 18:31:41+00:00,laurenleaderAIT,True,2,0,{'number of replies found': 0},[],
1446799995471007747,False,1446799995471007747,"RT @washingtonpost: More than 33 million Americans ‚Äî about 1 in 10 ‚Äî identify as being of two or more races, a number that grew by nearly 2‚Ä¶",2021-10-09 11:29:33+00:00,laurenleaderAIT,True,107,0,{'number of replies found': 0},[],
1446575332950163462,False,1446575332950163462,RT @soledadobrien: Jesus. This thread and this story. From @propublica. Absolutely worth reading.,2021-10-08 20:36:50+00:00,laurenleaderAIT,True,1807,0,{'number of replies found': 0},[],
1446575096563441676,False,1446575096563441676,This is a devastating indictment of a broken #Criminal #juvenile system rife w corruption and racism in Tennessee.‚Ä¶ https://t.co/VWBA1iwoKl,2021-10-08 20:35:53+00:00,laurenleaderAIT,False,0,1,{'number of replies found': 0},[],
1446565992927277056,False,1446565992927277056,Great to be on @thelauracoates @SXMPolitics to talk about the @AllInTogether polling and the prospects for the hous‚Ä¶ https://t.co/S0LnGHJ4QO,2021-10-08 19:59:43+00:00,laurenleaderAIT,True,1,3,{'number of replies found': 0},[],
1446560935372591123,False,1446560935372591123,@GovKathyHochul Proud NYer!!üçé,2021-10-08 19:39:37+00:00,laurenleaderAIT,False,0,1,{'number of replies found': 0},[],
1446560364355850243,False,1446560364355850243,"RT @GovKathyHochul: A new milestone: 85% of adult New Yorkers have had at least one dose of the COVID vaccine.

Let‚Äôs keep it going! https:‚Ä¶",2021-10-08 19:37:21+00:00,laurenleaderAIT,True,246,0,{'number of replies found': 0},[],
1446544899835375617,False,1446544899835375617,RT @AprilDRyan: A Must Read! My latest @theGrio #WhiteHouse report https://t.co/tqAvzfymYL,2021-10-08 18:35:54+00:00,laurenleaderAIT,True,19,0,{'number of replies found': 0},[],
1446544538865180675,False,1446544538865180675,"RT @AllInTogether: üì£ Hey #NewYork today's the deadline to register to vote in the General Election on Nov. 2. #VoterRegistration 

Here are‚Ä¶",2021-10-08 18:34:28+00:00,laurenleaderAIT,True,1,0,{'number of replies found': 0},[],
1446544112946196490,False,1446544112946196490,"RT @AllInTogether: Among voters over 30 men favor Republicans and women favor Democrats, but AIT polls show young voters are different with‚Ä¶",2021-10-08 18:32:46+00:00,laurenleaderAIT,True,1,0,{'number of replies found': 0},[],
1446482981082775555,False,1446482981082775555,@alicetweet Not just disappointing but devastating news for women who gained ZERO jobs this month.  Net loss of 26k!!!,2021-10-08 14:29:51+00:00,laurenleaderAIT,False,0,0,{'number of replies found': 0},[],
1446474865796657157,False,1446474865796657157,"RT @AllInTogether: Redistricting is happening this year, and you can advocate for your community to help determine where political power is‚Ä¶",2021-10-08 13:57:36+00:00,laurenleaderAIT,True,2,0,{'number of replies found': 0},[],
1446466191288045592,False,1446466191288045592,@eramshaw Insane.  Paging @POTUS this is wildly unacceptable,2021-10-08 13:23:08+00:00,laurenleaderAIT,False,0,1,{'number of replies found': 0},[],
1446465892355911681,False,1446465892355911681,This is terrible- all met job gains went to MEN - literally all of them! https://t.co/9C7ECo3scX,2021-10-08 13:21:57+00:00,laurenleaderAIT,False,0,3,{'number of replies found': 0},[],
1446465187796619272,False,1446465187796619272,"RT @KathyHochul: When I became governor, I said I would fight like hell every single day for New Yorkers. 

In 45 days we‚Äôve accomplished a‚Ä¶",2021-10-08 13:19:09+00:00,laurenleaderAIT,True,54,0,{'number of replies found': 0},[],
1446430274020167718,False,1446430274020167718,I had the honor of briefly meeting @mariaressa in 2018 at @WomenintheWorld and I have never forgotten it.  She is a‚Ä¶ https://t.co/aEkNNZmGr4,2021-10-08 11:00:25+00:00,laurenleaderAIT,True,2,3,{'number of replies found': 0},[],
1446424645104717824,False,1446424645104717824,@IAmAmnaNawaz Beautiful thank you for posting Amna.,2021-10-08 10:38:03+00:00,laurenleaderAIT,False,0,0,{'number of replies found': 0},[],
1446419924814008322,False,1446419924814008322,RT @KnowYourValue: .@GEM_AmplifyHER @MsBKB joins @laurenleaderAIT and @dpierrebravo to explain how her Texas advocacy group is helping moth‚Ä¶,2021-10-08 10:19:17+00:00,laurenleaderAIT,True,1,0,{'number of replies found': 0},[],
1446228518447337473,False,1446228518447337473,RT @MichaelLaRosa46: First Lady Jill Biden Asks Busy Women to Get a Mammogram: 'Nothing on Your To-Do List Is More Important' https://t.co/‚Ä¶,2021-10-07 21:38:43+00:00,laurenleaderAIT,True,17,0,{'number of replies found': 0},[],
1446220175481712642,False,1446220175481712642,"RT @AllInTogether: With the #TexasAbortionLaw on pause, AIT polls found that abortion is a major factor in motivating young people to vote‚Ä¶",2021-10-07 21:05:33+00:00,laurenleaderAIT,True,3,0,{'number of replies found': 0},[],
1446166386087182337,False,1446166386087182337,"RT @AllInTogether: Some U.S. coins will soon feature female trailblazers from different eras of American history, representing their accomp‚Ä¶",2021-10-07 17:31:49+00:00,laurenleaderAIT,True,2,0,{'number of replies found': 0},[],
1446069216872968192,False,1446069216872968192,How many women in Texas will not even know that the courts blocked #SB8 and believe they will be denied care?  Many‚Ä¶ https://t.co/hJoN53ClHK,2021-10-07 11:05:42+00:00,laurenleaderAIT,True,1,1,{'number of replies found': 0},[],
1445923815859626000,False,1445923815859626000,"RT @NewsHour: A federal judge on Wednesday ordered Texas to suspend the most restrictive abortion law in the U.S., which since September ha‚Ä¶",2021-10-07 01:27:56+00:00,laurenleaderAIT,True,36,0,{'number of replies found': 0},[],
1445552481082109956,False,1445552481082109956,@AyannaPressley @TheJusticeDept The #DeathPenalty is immoral and a shameful stain on our nation.,2021-10-06 00:52:23+00:00,laurenleaderAIT,False,0,1,{'number of replies found': 0},[],
1445513028716281863,False,1445513028716281863,RT @KnowYourValue: #EqualValue: @GEM_AmplifyHER @MsBKB joins hosts @laurenleaderAIT and @dpierrebravo to explain how her Texas advocacy gro‚Ä¶,2021-10-05 22:15:37+00:00,laurenleaderAIT,True,3,0,{'number of replies found': 0},[],
1445491864828723201,False,1445491864828723201,"RT @KathyHochul: When I became governor, I promised to serve with integrity and compassion.

It is humbling to earn endorsements that mark‚Ä¶",2021-10-05 20:51:31+00:00,laurenleaderAIT,True,8,0,{'number of replies found': 0},[],
1445491238124154892,False,1445491238124154892,"RT @AllInTogether: In the United States, more than 10 million adults experience domestic violence annually. Throughout #DomesticViolenceAwa‚Ä¶",2021-10-05 20:49:01+00:00,laurenleaderAIT,True,3,0,{'number of replies found': 0},[],
1445415606300336128,False,1445415606300336128,"RT @AllInTogether: 160 million Americans cast their ballots in 2020‚Äîshattering voter turnout records &amp; making history.
But there's still a‚Ä¶",2021-10-05 15:48:29+00:00,laurenleaderAIT,True,2,0,{'number of replies found': 0},[],
1445413284266627077,False,1445413284266627077,"RT @CAWP_RU: New polling data from @AllInTogether about the upcoming midterms, voter engagement, and how Texas' new restrictions on women's‚Ä¶",2021-10-05 15:39:16+00:00,laurenleaderAIT,True,3,0,{'number of replies found': 0},[],
1445409417596395531,False,1445409417596395531,"RT @PLSprogram: This #HispanicHeritageMonth, #PLScholar Julissa Carielo joined @VelshiMSNBC for a discussion on the complexity of the Latin‚Ä¶",2021-10-05 15:23:54+00:00,laurenleaderAIT,True,3,0,{'number of replies found': 0},[],
1445362863544094724,False,1445362863544094724,So totally horrible and unacceptable. https://t.co/yCTwYBuvKp,2021-10-05 12:18:54+00:00,laurenleaderAIT,False,0,1,{'number of replies found': 0},[],
1445340776217694212,False,1445340776217694212,"RT @19thnews: ‚ÄúWe talk a lot about political polarization, but there‚Äôs pretty significant gender polarization. Women are more Democratic, m‚Ä¶",2021-10-05 10:51:08+00:00,laurenleaderAIT,True,8,0,{'number of replies found': 0},[],
1445340545153478663,False,1445340545153478663,@georgehahn Magnificent,2021-10-05 10:50:13+00:00,laurenleaderAIT,False,0,0,{'number of replies found': 0},[],
1445340481882402817,False,1445340481882402817,RT @georgehahn: This ad for Congressman Charles Graham (NC) is incredible. https://t.co/VuDhb9VoSQ,2021-10-05 10:49:58+00:00,laurenleaderAIT,True,8643,0,{'number of replies found': 0},[],
1445224509162893327,False,1445224509162893327,@Forbes @AllInTogether,2021-10-05 03:09:08+00:00,laurenleaderAIT,False,0,0,{'number of replies found': 0},[],
1445224472383037442,False,1445224472383037442,"RT @Forbes: According to a poll, the abortion debate is motivating voters in 2022 https://t.co/840lJM9lsO https://t.co/ibnq2JJDFS",2021-10-05 03:08:59+00:00,laurenleaderAIT,True,14,0,{'number of replies found': 0},[],
1444047552685301762,False,1444047552685301762,FINAL BOARDING CALL üõ´ Business Class enrollment closes TODAY at 6pm PT and it won't be back until NEXT year. Enroll‚Ä¶ https://t.co/qZdT6dDcAQ,2021-10-01 21:12:20+00:00,sophiaamoruso,False,0,5,{'number of replies found': 0},[],
1443606574577197056,False,1443606574577197056,Enrollment for Business Class closes TOMORROW at 6pm PT. ‚è≥ Don‚Äôt let this flight take off without you (I won‚Äôt be b‚Ä¶ https://t.co/ErIrBwv8du,2021-09-30 16:00:02+00:00,sophiaamoruso,True,1,4,{'number of replies found': 0},[],
1440745210707955712,False,1440745210707955712,Enrollment for Business Class is FINALLY open. Ready to join me and the thousands of other entrepreneurs building a‚Ä¶ https://t.co/pP8QCnZjLX,2021-09-22 18:30:00+00:00,sophiaamoruso,True,1,8,{'number of replies found': 0},[],
1440407492068925448,False,1440407492068925448,Proud to announce that Business Class has awarded 104 scholarships to some very deserving founders in partnership w‚Ä¶ https://t.co/MoSQflY1FQ,2021-09-21 20:08:02+00:00,sophiaamoruso,False,0,16,{'number of replies found': 0},[],
1440369232881934337,False,1440369232881934337,Proud to be an early investor in @FYPM_vip and excited to watch Lindsey and Isha build the Glassdoor for the creato‚Ä¶ https://t.co/CM3o8A7e2e,2021-09-21 17:36:00+00:00,sophiaamoruso,True,4,28,{'number of replies found': 0},[],
1439944937357840390,False,1439944937357840390,I'm putting the finishing touchesüë©‚Äçüé®on the live masterclass I'm teaching this week to share my tried and true strat‚Ä¶ https://t.co/xyp2qhMBgA,2021-09-20 13:30:00+00:00,sophiaamoruso,True,1,9,{'number of replies found': 0},[],
1438487838878666755,False,1438487838878666755,FREE BRAIN PICKING üß† In less than 6 days I‚Äôll be answering questions LIVE during my free masterclass on How to Crea‚Ä¶ https://t.co/vjdJ5WXg0X,2021-09-16 13:00:01+00:00,sophiaamoruso,True,2,7,{'number of replies found': 0},[],
1437763064787521536,False,1437763064787521536,"Ready to build the brand of your dreams? ‚ú®

Join me for a free, live masterclass on How to Create an Iconic Brand o‚Ä¶ https://t.co/AXh6pu1Sa7",2021-09-14 13:00:01+00:00,sophiaamoruso,False,0,10,{'number of replies found': 0},[],
1435754893537538055,False,1435754893537538055,Join me live on Callin! https://t.co/ruRHD38EEL,2021-09-09 00:00:16+00:00,sophiaamoruso,True,2,16,{'number of replies found': 0},[],
1435733100734992385,False,1435733100734992385,Don't miss this upcoming room on Callin! Taking your questions LIVE! https://t.co/p4hqJnCV8G,2021-09-08 22:33:40+00:00,sophiaamoruso,True,1,13,{'number of replies found': 0},[],
1435591499861819393,False,1435591499861819393,"LIVE MASTERCLASS ALERT: In rare form, I‚Äôm teaching a free LIVE masterclass on How to Create an Iconic Brand. 

Slap‚Ä¶ https://t.co/Qat96SKkUq",2021-09-08 13:11:00+00:00,sophiaamoruso,True,2,16,{'number of replies found': 0},[],
1433808769822035975,False,1433808769822035975,@RosieAcosta Wooooo hoo! Hope to see you inflight!,2021-09-03 15:07:04+00:00,sophiaamoruso,False,0,1,{'number of replies found': 0},[],
1433528618940985351,False,1433528618940985351,"RT @DavidSacks: New post: Why We Created Callin

https://t.co/7MY9ImNXsV",2021-09-02 20:33:51+00:00,sophiaamoruso,True,94,0,{'number of replies found': 0},[],
1433484699893047345,False,1433484699893047345,"Shoutout to @Galenpehrson for making the best not ads.

Want to learn more about our lineup of industry leaders and‚Ä¶ https://t.co/C0to6mg8SK",2021-09-02 17:39:19+00:00,sophiaamoruso,False,0,3,{'number of replies found': 0},[],
1433466813149433856,False,1433466813149433856,Proud üèÜ investor üéô and üëã host @DavidSacks https://t.co/KYYaAa4DIL,2021-09-02 16:28:15+00:00,sophiaamoruso,True,4,38,{'number of replies found': 0},[],
1433101090032062469,False,1433101090032062469,"Running a business isn't glamorous. 
https://t.co/51cNEpFKuW",2021-09-01 16:15:00+00:00,sophiaamoruso,False,0,9,{'number of replies found': 0},[],
1432403132995100677,False,1432403132995100677,Congratulations @eightsleep on your big Series C! Proud investor! https://t.co/NbHiVXrrcB,2021-08-30 18:01:34+00:00,sophiaamoruso,False,0,14,{'number of replies found': 0},[],
1432028960276156416,False,1432028960276156416,"RT @justinkan: Focusing on growth can be an unhealthy obsession.

Build a tight customer feedback loop instead and the growth will come.",2021-08-29 17:14:44+00:00,sophiaamoruso,True,75,0,{'number of replies found': 0},[],
1432028720219385861,False,1432028720219385861,@jeremysliew No they didn‚Äôt,2021-08-29 17:13:47+00:00,sophiaamoruso,False,0,0,{'number of replies found': 0},[],
1431508112058454022,False,1431508112058454022,"RT @jenni_gritters: Tonight it finally happened. My husband‚Äôs hospital ran out of beds. 2 people came in with heart attacks, he took care o‚Ä¶",2021-08-28 06:45:04+00:00,sophiaamoruso,True,145,0,{'number of replies found': 0},[],
1431498876377206788,False,1431498876377206788,I used to think that Prog rock made me sophisticated and unique but actually it‚Äôs mostly fucking annoying,2021-08-28 06:08:22+00:00,sophiaamoruso,True,3,26,{'number of replies found': 0},[],
1430565411142049793,False,1430565411142049793,Over the past year I've spent more time with founders than ever before in my career. Here‚Äôs the trait they all have‚Ä¶ https://t.co/zWTRflJ7LT,2021-08-25 16:19:07+00:00,sophiaamoruso,True,2,12,{'number of replies found': 0},[],
1430152913696002048,False,1430152913696002048,Daddy's home. 9.22.2021. https://t.co/j7fh9doJB7 https://t.co/j31EC0cetO,2021-08-24 13:00:00+00:00,sophiaamoruso,False,0,9,{'number of replies found': 0},[],
1426384664353067020,False,1426384664353067020,@YessyDeee I don't always ü§°,2021-08-14 03:26:19+00:00,sophiaamoruso,False,0,0,{'number of replies found': 0},[],
1425508016581873667,False,1425508016581873667,"Is it a hobby or a business? Be honest with yourself.
https://t.co/x34X5RVe4W",2021-08-11 17:22:50+00:00,sophiaamoruso,True,4,26,{'number of replies found': 0},[],
1423524190624247810,False,1423524190624247810,https://t.co/8WEI0tvYZs #GoFundMe,2021-08-06 05:59:49+00:00,sophiaamoruso,True,1,9,{'number of replies found': 0},[],
1423048609352753157,False,1423048609352753157,"Don‚Äôt stop taking risks‚Ä¶and placing bets.
https://t.co/rqyvQWe0DX",2021-08-04 22:30:02+00:00,sophiaamoruso,True,2,15,{'number of replies found': 0},[],
1420422659058372608,False,1420422659058372608,Embrace it like a hug. https://t.co/hyT48M16D1,2021-07-28 16:35:26+00:00,sophiaamoruso,False,0,22,{'number of replies found': 0},[],
1417886431708684296,False,1417886431708684296,How I blew millions-- and what you can learn from it. https://t.co/hqlCPvgujE,2021-07-21 16:37:23+00:00,sophiaamoruso,True,2,34,{'number of replies found': 0},[],
1415350133970059273,False,1415350133970059273,"It‚Äôs ok to disappoint people...and you‚Äôve gotta get used to it.
https://t.co/bA2Y4zY6o0",2021-07-14 16:39:02+00:00,sophiaamoruso,True,5,26,{'number of replies found': 0},[],
1410708542118502400,False,1410708542118502400,"""Choosing the priority is as important as working on it.""

‚Äì@JamesClear",2021-07-01 21:15:00+00:00,sophiaamoruso,True,8,57,{'number of replies found': 0},[],
1410653065410093064,False,1410653065410093064,"RT @justinkan: My friend @sophiaamoruso (@girlboss, @NastyGal) on lesson learned starting over after $85 million, a Forbes cover and a Netf‚Ä¶",2021-07-01 17:34:34+00:00,sophiaamoruso,True,7,0,{'number of replies found': 0},[],
1410652966172827656,False,1410652966172827656,"RT @farhannapura: ""Money is a means. Money is not an end. Let me repeat that: Money is not an end."" - @sophiaamoruso",2021-07-01 17:34:10+00:00,sophiaamoruso,True,4,0,{'number of replies found': 0},[],
1405198139376779264,False,1405198139376779264,"Should you have a co-founder? Well, it depends.
https://t.co/DHlFG3U3NX",2021-06-16 16:18:38+00:00,sophiaamoruso,False,0,17,{'number of replies found': 0},[],
1402719632352415746,False,1402719632352415746,Congratulations @eightsleep @m_franceschetti on continuing to innovate on and improve such a critical part of our l‚Ä¶ https://t.co/8YZjBhiYmn,2021-06-09 20:09:56+00:00,sophiaamoruso,False,0,10,{'number of replies found': 0},[],
1402719226310238208,False,1402719226310238208,RT @benchestnut: Love this advice on how to be authentic from @sophiaamoruso. Just realize that faking it is a HUGE hassle. üòÇ https://t.co/‚Ä¶,2021-06-09 20:08:19+00:00,sophiaamoruso,True,5,0,{'number of replies found': 0},[],
1402691017917140992,False,1402691017917140992,@benchestnut üôèüôèüôè,2021-06-09 18:16:14+00:00,sophiaamoruso,False,0,1,{'number of replies found': 0},[],
1402661500628705291,False,1402661500628705291,How to negotiate like a profesh ‚Äì and not burn bridges. https://t.co/wymshocQaR,2021-06-09 16:18:56+00:00,sophiaamoruso,True,3,11,{'number of replies found': 0},[],
1400158522189438978,False,1400158522189438978,It was cold. https://t.co/do61dPCg9s,2021-06-02 18:33:00+00:00,sophiaamoruso,True,2,11,{'number of replies found': 0},[],
1397587927262191625,False,1397587927262191625,"The rhyme takes the edge off
https://t.co/L98kSbD0ox",2021-05-26 16:18:22+00:00,sophiaamoruso,False,0,8,{'number of replies found': 0},[],
1445413597249605635,False,1445413597249605635,"RT @sofiargross: Today, we are launching a new tool to help Snapchatters in the next step of their civics journey ‚Äîrunning for office. We h‚Ä¶",2021-10-05 15:40:30+00:00,evanspiegel,True,119,0,{'number of replies found': 0},[],
1445170556534341637,False,1445170556534341637,@Twan_Huys Thanks for having me! :),2021-10-04 23:34:45+00:00,evanspiegel,True,1,23,{'number of replies found': 0},[],
1395501349920382977,False,1395501349920382977,RT @karaswisher: I‚Äôll be baaaack. Also @Snapchat ceo @evanspiegel and I chat about his latest Spectacle effort and more: https://t.co/yzMzZ‚Ä¶,2021-05-20 22:07:03+00:00,evanspiegel,True,30,0,{'number of replies found': 0},[],
1395410965877846016,False,1395410965877846016,"RT @Snap: Today's the day! Join us for #SnapPartnerSummit, 10am PT at https://t.co/JnwGBc7nNz https://t.co/w77snQLpYG",2021-05-20 16:07:54+00:00,evanspiegel,True,25,0,{'number of replies found': 0},[],
1348994908153995264,False,1348994908153995264,"RT @BBCr4today: Snap CEO @evanspiegel explored the big ideas shaping America in his guest edit üéô Listen back to the highlights, including @‚Ä¶",2021-01-12 14:07:03+00:00,evanspiegel,True,14,0,{'number of replies found': 0},[],
1346236335468777475,False,1346236335468777475,Thank you so much for sharing your inspiring vision! üôèüèª‚ù§Ô∏è https://t.co/xhzFcjxqic,2021-01-04 23:25:28+00:00,evanspiegel,True,3,121,{'number of replies found': 0},[],
1346162255407296513,False,1346162255407296513,RT @SShonekan: I was asked by @BBCRadio4 to pick 6 songs that define American history. Very difficult! Four songs made the cut for the show‚Ä¶,2021-01-04 18:31:06+00:00,evanspiegel,True,5,0,{'number of replies found': 0},[],
1345491504526217216,False,1345491504526217216,"RT @SchleicherOECD: Snap CEO Evan Spiegel explored the big ideas shaping America in his guest edit üìª On @BBCr4today:

Does investing in edu‚Ä¶",2021-01-02 22:05:47+00:00,evanspiegel,True,20,0,{'number of replies found': 0},[],
1288947391706497024,False,1288947391706497024,RT @DavidNovakOGO: It's the WORLD PREMIERE of my new podcast #HowLeadersLead -- real conversations with real leaders about how they get thi‚Ä¶,2020-07-30 21:19:40+00:00,evanspiegel,True,29,0,{'number of replies found': 0},[],
1288172835886608384,False,1288172835886608384,Excited for the premiere of #StocktonOnMyMind on @HBO tonight! A powerful story about a great city and a great man‚Ä¶ https://t.co/ryTYGGqw0b,2020-07-28 18:01:51+00:00,evanspiegel,True,13,148,{'number of replies found': 0},[],
1270721680399151104,False,1270721680399151104,"Getting ready for the #SnapPartnerSummit üëâJune 11th!‚ú®
https://t.co/w26k5d0o2i https://t.co/UHqwttVkP7",2020-06-10 14:17:12+00:00,evanspiegel,True,27,277,"{'1446203155188961281': {'isComment': True, 'repliesTo': 'evanspiegel', 'tweet_id': '1270721680399151104', 'text': '@evanspiegel Give me my snap back', 'date': '2021-10-07 19:57:56+00:00', 'username': 'Brandi_2x', 'retweeted_status': False, 'retweet_count': 0, 'likes': 0}, 'number of replies found': 1}",['1446203155188961281'],
1270565429316968449,False,1270565429316968449,"RT @ExcelinEd: This week on #ClassWithJeb, @JebBush sits down with Dee Bagwell Haslam and @evanspiegel on Lessons in Leadership and Entrepr‚Ä¶",2020-06-10 03:56:18+00:00,evanspiegel,True,3,0,{'number of replies found': 0},[],
1267539284736610304,False,1267539284736610304,"RT @Snapchat: We condemn racism. We must embrace profound change. It starts with advocating for creating more opportunity, and for living t‚Ä¶",2020-06-01 19:31:29+00:00,evanspiegel,True,359,0,{'number of replies found': 0},[],
1218973639523098624,False,1218973639523098624,Very grateful for the opportunity to speak with @JonGordon11  he has taught me a lot about making a positive impact‚Ä¶ https://t.co/s0MUA2hUv3,2020-01-19 19:08:57+00:00,evanspiegel,True,34,319,{'number of replies found': 0},[],
1194688167166656512,False,1194688167166656512,@GerberKawasaki Hi Ross :) our team is taking some time to give back to our local communities on World Kindness Day‚Ä¶ https://t.co/JiGBPxBYQ7,2019-11-13 18:47:09+00:00,evanspiegel,True,21,201,{'number of replies found': 0},[],
1118978773905440770,False,1118978773905440770,RT @nathanjurgenson: it‚Äôs real! https://t.co/g6PVls7KMX,2019-04-18 20:45:03+00:00,evanspiegel,True,19,0,{'number of replies found': 0},[],
1092433961916129281,False,1092433961916129281,"RT @nathanjurgenson: excited to say i wrote a book about photography and social media! 
it's out with @VersoBooks in April and you can pre-‚Ä¶",2019-02-04 14:45:27+00:00,evanspiegel,True,70,0,{'number of replies found': 0},[],
961013206519922688,False,961013206519922688,@DonaldRichard @Kantrowitz @RichBTIG Not likely I‚Äôm afraid :(,2018-02-06 23:06:17+00:00,evanspiegel,False,0,31,{'number of replies found': 0},[],
961012127036162048,False,961012127036162048,@Kantrowitz @RichBTIG Fake news! I love Rich,2018-02-06 23:02:00+00:00,evanspiegel,True,1,74,{'number of replies found': 0},[],
942126847092916224,False,942126847092916224,@williamlegate @Adubtee https://t.co/GHBEHniFnK,2017-12-16 20:18:38+00:00,evanspiegel,True,2,24,{'number of replies found': 0},[],
935954436949774338,False,935954436949774338,"RT @teague: @evanspiegel gets it üî•

@snapchat‚Äôs speciality is friends. üëØ‚Äç‚ôÄÔ∏è IG w the perfectly filtered pics, obsessesion with likes, comme‚Ä¶",2017-11-29 19:31:41+00:00,evanspiegel,True,24,0,{'number of replies found': 0},[],
935936850853810184,False,935936850853810184,"RT @GarettSloane: Seeing @evanspiegel present the new look Snap, I noticed how much better the production has gotten on his videos. Come a‚Ä¶",2017-11-29 18:21:48+00:00,evanspiegel,True,13,0,{'number of replies found': 0},[],
935936541423296512,False,935936541423296512,"RT @sameepa: Now that @evanspiegel talks about separating SOCIAL from MEDIA it seems like the most logical thing that no-one did before.
@S‚Ä¶",2017-11-29 18:20:34+00:00,evanspiegel,True,16,0,{'number of replies found': 0},[],
935876894087630848,False,935876894087630848,"RT @_DanielSinclair: The new @Snapchat, featuring my new favorite vlogger https://t.co/SP3sLOFh3k",2017-11-29 14:23:33+00:00,evanspiegel,True,58,0,{'number of replies found': 0},[],
935844406158090240,False,935844406158090240,"RT @pay_peanuts: ""This is a challenging problem to solve because the obvious benefits that have driven the growth of social media ‚Äì¬†more fr‚Ä¶",2017-11-29 12:14:28+00:00,evanspiegel,True,11,0,{'number of replies found': 0},[],
935843905534349312,False,935843905534349312,"RT @kerrymflynn: Snap CEO @evanspiegel defends algorithms, criticizes Facebook in a new op-ed ahead of Snapchat's redesign https://t.co/vYX‚Ä¶",2017-11-29 12:12:28+00:00,evanspiegel,True,10,0,{'number of replies found': 0},[],
935837283168784386,False,935837283168784386,RT @Launerts: .@Snapchat‚Äôs @EvanSpiegel says he‚Äôs ‚Äúseparating the social from the media‚Äù in the redesign of his app. https://t.co/hk8rfMlwm‚Ä¶,2017-11-29 11:46:09+00:00,evanspiegel,True,7,0,{'number of replies found': 0},[],
935830797394808832,False,935830797394808832,"RT @JimVandeHei: Exclusive on Axios: @evanspiegel hits social media obsession w ‚Äúfriends,‚Äù free content, tricks for clicks. It‚Äôs the new Sp‚Ä¶",2017-11-29 11:20:23+00:00,evanspiegel,True,16,0,{'number of replies found': 0},[],
927754077542293505,False,927754077542293505,@kaylarhae_ Nope. Not shutting down üòÉ,2017-11-07 04:26:23+00:00,evanspiegel,True,18,54,{'number of replies found': 0},[],
927741432462327808,False,927741432462327808,@chadwhitaker Mountain valley spring water,2017-11-07 03:36:08+00:00,evanspiegel,True,1,23,{'number of replies found': 0},[],
927741343350210565,False,927741343350210565,@TheRealKayotikG Not true. Fake news!,2017-11-07 03:35:47+00:00,evanspiegel,True,6,31,{'number of replies found': 0},[],
927738115745226753,False,927738115745226753,@JGCatalano ‚ò∫Ô∏è,2017-11-07 03:22:57+00:00,evanspiegel,True,4,28,{'number of replies found': 0},[],
927735957566062594,False,927735957566062594,@TaylorNikolai Not rly :( school night,2017-11-07 03:14:23+00:00,evanspiegel,True,2,19,{'number of replies found': 0},[],
927735818629681152,False,927735818629681152,@MosheIsaacian @hypem Wanna come down by @CoastalClouds,2017-11-07 03:13:50+00:00,evanspiegel,True,3,11,{'number of replies found': 0},[],
927734773102940168,False,927734773102940168,@ProductHunt Hi hi ‚ù§Ô∏èüåà,2017-11-07 03:09:41+00:00,evanspiegel,True,6,113,{'number of replies found': 0},[],
927729421380755456,False,927729421380755456,@alexeheath Hi,2017-11-07 02:48:25+00:00,evanspiegel,False,0,23,{'number of replies found': 0},[],
927683768411758592,False,927683768411758592,@katnisslily011 Fake news,2017-11-06 23:47:00+00:00,evanspiegel,True,18,58,{'number of replies found': 0},[],
913460392172519424,False,913460392172519424,@lucking_for_tec Transcoding bug. We are fixing. Sorry about that :(,2017-09-28 17:48:23+00:00,evanspiegel,True,5,58,{'number of replies found': 0},[],
1446203155188961281,True,1270721680399151104,@evanspiegel Give me my snap back,2021-10-07 19:57:56+00:00,Brandi_2x,False,0,0,,,evanspiegel
1440709414306996242,False,1440709414306996242,RT @VitalVoices: We‚Äôll be live tweeting through the event this afternoon and covering the event LIVE on our Instagram pages! Enjoy the show‚Ä¶,2021-09-22 16:07:46+00:00,AlyseNelson,True,2,0,{'number of replies found': 0},[],
1440341465016647687,False,1440341465016647687,@NOIweala @wto @TIME So incredibly deserved our fearless leader!,2021-09-21 15:45:40+00:00,AlyseNelson,False,0,0,{'number of replies found': 0},[],
1439234032043233284,False,1439234032043233284,Just posted a photo https://t.co/nDIOd8fr73,2021-09-18 14:25:07+00:00,AlyseNelson,False,0,1,{'number of replies found': 0},[],
1438683866093477889,False,1438683866093477889,Just posted a photo https://t.co/WMn4iVrwbd,2021-09-17 01:58:57+00:00,AlyseNelson,False,0,0,{'number of replies found': 0},[],
1437050588253020167,False,1437050588253020167,"RT @rina_amiri: We who have had the fortune to escape repression, violence snd war have a responsibility to use our agency to defend those‚Ä¶",2021-09-12 13:48:54+00:00,AlyseNelson,True,8,0,{'number of replies found': 0},[],
1434589668788613130,False,1434589668788613130,Incredibly brave women push back against the Taliban and recognizing them‚Ä¶ https://t.co/DqP77qizHC,2021-09-05 18:50:05+00:00,AlyseNelson,False,0,4,{'number of replies found': 0},[],
1434342321491939328,False,1434342321491939328,RT @LEBassett: Republicans have been gaslighting women about Roe and calling us hysterical when we sounded the alarm during both of Trump's‚Ä¶,2021-09-05 02:27:12+00:00,AlyseNelson,True,332,0,{'number of replies found': 0},[],
1432832519385272323,False,1432832519385272323,RT @HardinLang1: Activists march to White House in support of Afghan women - The Washington Post ‚Å¶@VitalVoices‚Å© ‚Å¶@AlyseNelson‚Å© ‚Å¶@meighansto‚Ä¶,2021-08-31 22:27:48+00:00,AlyseNelson,True,3,0,{'number of replies found': 0},[],
1432832440872185861,False,1432832440872185861,If only someone listened‚Ä¶ https://t.co/BOMGQud85V,2021-08-31 22:27:29+00:00,AlyseNelson,False,0,2,{'number of replies found': 0},[],
1409929179756306432,False,1409929179756306432,"RT @VitalVoices: ""Although we have seen immeasurable progress there is not a single country on this planet that women have the same rights‚Ä¶",2021-06-29 17:38:06+00:00,AlyseNelson,True,3,0,{'number of replies found': 0},[],
1409928990446350339,False,1409928990446350339,What a great way to countdown to #GenerationEquality - thank you to this fiery and phenomenal group of women leader‚Ä¶ https://t.co/OW3zZUkrUl,2021-06-29 17:37:21+00:00,AlyseNelson,True,2,19,{'number of replies found': 0},[],
1408432592416821252,False,1408432592416821252,All of us at @VitalVoices stand with #Cameroon and the women leaders calling for @IMFNews to investigate the use of‚Ä¶ https://t.co/XSTuSVTlX4,2021-06-25 14:31:12+00:00,AlyseNelson,False,0,10,{'number of replies found': 0},[],
1407487140892663811,False,1407487140892663811,Looking forward to this conversation with the phenomenal @susanmcp1 about her new book - join in on June 30th! https://t.co/69RoYF0CuM,2021-06-22 23:54:18+00:00,AlyseNelson,True,1,5,{'number of replies found': 0},[],
1407472763057717251,False,1407472763057717251,Loved this conversation with one of the most courageous and compassionate women I know - @saskianino who I am proud‚Ä¶ https://t.co/cMPjdFxR6J,2021-06-22 22:57:10+00:00,AlyseNelson,True,1,7,{'number of replies found': 0},[],
1402979509348020225,False,1402979509348020225,"RT @VP: I just met with several women entrepreneurs in Mexico. No matter where you are in the world, this truth remains: When we lift up wo‚Ä¶",2021-06-10 13:22:35+00:00,AlyseNelson,True,2664,0,{'number of replies found': 0},[],
1402979120468856835,False,1402979120468856835,"RT @The_ILA: Meet the #ILASustainability2021 speakers! üåè

Alyse Nelson is President and CEO of Vital Voices Global Partnership, cofounder o‚Ä¶",2021-06-10 13:21:03+00:00,AlyseNelson,True,2,0,{'number of replies found': 0},[],
1402652267241746432,False,1402652267241746432,@ZiauddinY Happy Anniversary!,2021-06-09 15:42:15+00:00,AlyseNelson,False,0,0,{'number of replies found': 0},[],
1402651122335166470,False,1402651122335166470,@latimes I love this @Alyssa_Milano !!! We need your voice.,2021-06-09 15:37:42+00:00,AlyseNelson,False,0,0,{'number of replies found': 0},[],
1400872380243795968,False,1400872380243795968,In March ‚Å¶@wef‚Å© #GenderGapReport said women globally have lost a generation of progress - it will now take 135 year‚Ä¶ https://t.co/TPuvcITt1i,2021-06-04 17:49:37+00:00,AlyseNelson,True,1,4,{'number of replies found': 0},[],
1398402003106033664,False,1398402003106033664,"RT @HardinLang1: As the situation in Myanmar continues to deteriorate, the conditions of #Rohingya refugees in Bangladesh is going from bad‚Ä¶",2021-05-28 22:13:13+00:00,AlyseNelson,True,5,0,{'number of replies found': 0},[],
1395926794142814211,False,1395926794142814211,@AnneFinucane Incredible Anne! Kudos,2021-05-22 02:17:37+00:00,AlyseNelson,False,0,0,{'number of replies found': 0},[],
1389827305300586497,False,1389827305300586497,RT @HardinLang1: Driving along the highway to a national park with @AlyseNelson and what do we see? @TheAmandaGorman is big in Joshua Tree!‚Ä¶,2021-05-05 06:20:25+00:00,AlyseNelson,True,1,0,{'number of replies found': 0},[],
1387049960957308938,False,1387049960957308938,This would be a huge win for human rights. Kudos @sarahmargon https://t.co/uUqADml0E5,2021-04-27 14:24:15+00:00,AlyseNelson,True,1,5,{'number of replies found': 0},[],
1384150862591709193,False,1384150862591709193,"RT @AkankshaHazari: Investing in women is not charity. It‚Äôs a $3trillion opportunity. 

Brought to my attention I am featured in this. Not‚Ä¶",2021-04-19 14:24:16+00:00,AlyseNelson,True,13,0,{'number of replies found': 0},[],
1380370849174155272,False,1380370849174155272,Just posted a photo https://t.co/MsOJbay0fj,2021-04-09 04:03:51+00:00,AlyseNelson,True,1,2,{'number of replies found': 0},[],
1379986420526325760,False,1379986420526325760,"RT @VitalVoices: On today‚Äôs #VitalVoicesPodcast, @AlyseNelson is joined by activist Amar Singh to discuss the critical role men play in cha‚Ä¶",2021-04-08 02:36:16+00:00,AlyseNelson,True,2,0,{'number of replies found': 0},[],
1379986171007180803,False,1379986171007180803,@AnneFinucane So great. Congrats!,2021-04-08 02:35:16+00:00,AlyseNelson,False,0,0,{'number of replies found': 0},[],
1374597091360575488,False,1374597091360575488,@TheAmandaGorman Yes yes!!! Can‚Äôt wait @TheAmandaGorman,2021-03-24 05:41:00+00:00,AlyseNelson,False,0,1,{'number of replies found': 0},[],
1371524566644789248,False,1371524566644789248,"RT @VitalVoices: So excited to join @globalcompact for the upcoming #TargetGenderEquality Live event, featuring inspiring conversations on‚Ä¶",2021-03-15 18:11:53+00:00,AlyseNelson,True,4,0,{'number of replies found': 0},[],
1369512143419142146,False,1369512143419142146,"Seriously....am I watching a clip from the 1970s?.... @piersmorgan wake up it‚Äôs 2021 we don‚Äôt put up with that 
!#!‚Ä¶ https://t.co/rIVbhbv5n5",2021-03-10 04:55:13+00:00,AlyseNelson,False,0,7,{'number of replies found': 0},[],
1369083958885978113,False,1369083958885978113,"RT @SellersEaston: To help @RaytheonTech mark #IWD2021, we produced this widely-viewed event featuring two of the globe's great innovators‚Ä¶",2021-03-09 00:33:46+00:00,AlyseNelson,True,11,0,{'number of replies found': 0},[],
1369083888283181059,False,1369083888283181059,"When women &amp; girls have¬†pathways to prosperity, they lift up entire communities. That‚Äôs why this #IWD2021‚Ä¶ https://t.co/Qjmk2XU9m1",2021-03-09 00:33:29+00:00,AlyseNelson,True,5,15,{'number of replies found': 0},[],
1369021090643603456,False,1369021090643603456,Excited to see our #VitalVoices Global Headquarters for Women's Leadership featured in @dominomag! Check out this p‚Ä¶ https://t.co/et5C0mHtT1,2021-03-08 20:23:57+00:00,AlyseNelson,False,0,5,{'number of replies found': 0},[],
1368950080015900674,False,1368950080015900674,My heart is breaking this #IWD to wake up to the news that this incredible human is no longer with us. My thoughts‚Ä¶ https://t.co/T7sr5KpCxB,2021-03-08 15:41:47+00:00,AlyseNelson,False,0,4,{'number of replies found': 0},[],
1368940260936196099,False,1368940260936196099,‚Å¶President @JoeBiden‚Å© to sign Executive Order today Establishing ‚Å¶@WhiteHouseGPC‚Å©  https://t.co/g9JdkprNnO,2021-03-08 15:02:46+00:00,AlyseNelson,False,0,7,{'number of replies found': 0},[],
1368071543360659457,False,1368071543360659457,Kudos @netflix !! Women direct 23% of Netflix films. Now the company is spending $5 million to boost that number ‚Äì‚Ä¶ https://t.co/SgC2KpjqrU,2021-03-06 05:30:48+00:00,AlyseNelson,True,1,4,{'number of replies found': 0},[],
1368013214122790912,False,1368013214122790912,"RT @VitalVoices: ""We need leaders that are purpose-first."" Moving #IWD2021 conversation hosted by VV Northwest Council with @AlyseNelson, @‚Ä¶",2021-03-06 01:39:01+00:00,AlyseNelson,True,10,0,{'number of replies found': 0},[],
1367618688556228609,False,1367618688556228609,TY @FrancescaDonner for the phenomenal @nytimes piece highlighting @VitalVoices lessons learned from 25yrs of worki‚Ä¶ https://t.co/nPuY9xdxJP,2021-03-04 23:31:19+00:00,AlyseNelson,True,1,8,{'number of replies found': 0},[],
1366881445512286210,False,1366881445512286210,Join me and @VisionaryWomen_ on March 4th to celebrate #InternationalWomensDay early! Honored to be speaking with N‚Ä¶ https://t.co/86fY6A9XfY,2021-03-02 22:41:46+00:00,AlyseNelson,True,3,7,{'number of replies found': 0},[],
1361419632989507587,False,1361419632989507587,"Love this great profile in the @washingtonpost about the life-saving, inspiring work of @FoodRescueHero founded by‚Ä¶ https://t.co/qp6ArQMkxp",2021-02-15 20:58:29+00:00,AlyseNelson,True,5,11,{'number of replies found': 0},[],
