,tweet_id,text,date,username,retweeted_status,retweet_count,likes
1446572514981912578,1446060297798799361,@anne_sinclair @ZohraBitan @France2tv dramatique!!!,2021-10-08 20:25:38+00:00,pitchounette133,False,0,0
1446523934040629272,1446060297798799361,@anne_sinclair @ZohraBitan @France2tv La faute de l'Occident ?,2021-10-08 17:12:35+00:00,boche_o,False,0,0
1446451866527731738,1446060297798799361,@anne_sinclair @Regnier_JM @France2tv Bouleversant de voir √† quel point ces gens souffrent,2021-10-08 12:26:13+00:00,RamelValerie,False,0,0
1446448575613972489,1446060297798799361,@anne_sinclair @France2tv Bouleversant et intol√©rable. Mais que peut on faire ‚úçÔ∏è‚úçÔ∏è‚úçÔ∏è‚úçÔ∏è‚úçÔ∏è,2021-10-08 12:13:08+00:00,DuboisUrsule,False,0,0
1446420943040098304,1446060297798799361,"@anne_sinclair @France2tv Oblig√© ?????
Demander √† DSK qui s'en fout plein les poches en √©chappant ""l√©galement""√† l'imp√¥t !!!",2021-10-08 10:23:20+00:00,ThierryTemime,False,0,0
1446402458847154176,1446060297798799361,@anne_sinclair @France2tv C‚Äôest inacceptable! J‚Äôai si mal pour eux üò¢,2021-10-08 09:09:53+00:00,me_nelly,False,0,0
1446395209500200960,1446060297798799361,"@anne_sinclair @ZohraBitan @France2tv Effectivement une ignominie, dommage si vous n'aviez pas d√©penser tout votre‚Ä¶ https://t.co/SsmwUolXe4",2021-10-08 08:41:05+00:00,LOG2202,False,0,0
1446390272909324288,1446060297798799361,"@anne_sinclair @ZohraBitan @France2tv Si elle le vend √† un gentil et fortun√© couple d'Occidentaux en mal d'enfant,‚Ä¶ https://t.co/gwUiF1RdXL",2021-10-08 08:21:28+00:00,SergioSergiSer2,False,0,1
1446368018481754119,1446060297798799361,@anne_sinclair @ZohraBitan @France2tv Les afghans combattants se font livrer des jeunes gar√ßons sur le front. Les p‚Ä¶ https://t.co/jnASoHCzgG,2021-10-08 06:53:02+00:00,evabenhamou1,False,0,0
1446367056429989888,1446060297798799361,@anne_sinclair @ZohraBitan @France2tv En France nous avons des milliers d‚ÄôEnfants abus√©s par voie institutionnelle‚Ä¶ https://t.co/eNqd2s8tQn,2021-10-08 06:49:13+00:00,evabenhamou1,False,0,1
1446365305480097804,1446060297798799361,@anne_sinclair @ZohraBitan @France2tv Alors ce couple avec ses deux enfants ne pourrait il pas √™tre accueilli en Fr‚Ä¶ https://t.co/6LgobYozfL,2021-10-08 06:42:15+00:00,berangerblandi1,False,0,0
1446358026269700098,1446060297798799361,"@anne_sinclair @ZohraBitan @France2tv Je n'ai pas oubli√© la haine des afghans envers la France...
https://t.co/vJEThTDd7H",2021-10-08 06:13:20+00:00,RedFox_Fr,False,0,0
1446356951697403945,1446060297798799361,@anne_sinclair @ZohraBitan @France2tv Les talibans ont gagn√© la partie parce qu'ils √©taient soutenus par la grande‚Ä¶ https://t.co/gbU8dJwzRT,2021-10-08 06:09:03+00:00,ablette17,False,0,0
1446356501120102413,1446060297798799361,"@anne_sinclair @ZohraBitan @France2tv Aucune empathie.

Ils n'ont pas lutt√© au c√¥t√© des forces arm√©es occidentales‚Ä¶ https://t.co/u9nx8WYgVZ",2021-10-08 06:07:16+00:00,RedFox_Fr,False,0,0
1446353841495158809,1446060297798799361,@anne_sinclair @ZohraBitan @France2tv Lui donner l‚Äôargent via structure internationale üò°,2021-10-08 05:56:42+00:00,cyclo33,False,0,0
1446353163070619651,1446060297798799361,@anne_sinclair @ZohraBitan @France2tv Je n arrive pas √† y croire c est atroce üò•,2021-10-08 05:54:00+00:00,BonnelEliane,False,0,0
1446350787018465280,1446060297798799361,@anne_sinclair @France2tv Cette famille et ce b√©b√© ne sont pas flout√©s et √ßa me choque. Aurions-nous faut √ßa en France ?,2021-10-08 05:44:34+00:00,SoNENYSo,False,0,0
1446350265930690573,1446060297798799361,@anne_sinclair @France2tv Redire encore et toujours la pratique essentielle du reportage,2021-10-08 05:42:29+00:00,hervebrusini,False,0,2
1446347417364934668,1446060297798799361,"@anne_sinclair @ZohraBitan @France2tv Terrible reportage, mais on s‚Äôattendait √† quoi de la part de ces talibans?‚Ä¶",2021-10-08 05:31:10+00:00,kerkyra81,False,0,1
1446343505962545164,1446060297798799361,@anne_sinclair @ZohraBitan @France2tv T‚Äôaurais d√ª vendre ton mari toi üôÄ,2021-10-08 05:15:38+00:00,wilfried750z,False,0,0
1446341264660705308,1446060297798799361,@anne_sinclair @ZohraBitan @France2tv Quelle d√©tresse ü•∫,2021-10-08 05:06:43+00:00,Loiseau36175949,False,0,0
1446339514763554816,1446060297798799361,@anne_sinclair @ZohraBitan @France2tv Un peu de mal qd m√™me avec √ßa. M√™me au bout du rouleau je ne vendrai pas mon‚Ä¶ https://t.co/BCMvOykNOY,2021-10-08 04:59:46+00:00,devncow,False,0,7
1446311013817667584,1446060297798799361,@anne_sinclair @France2tv Kikilo,2021-10-08 03:06:31+00:00,EugeneKaroubi,False,0,0
1446274721729875972,1446060297798799361,"@anne_sinclair @France2tv C'est insupportable. Ce qu'on fait les am√©ricains est une honte.
Comment ces parents vont vivre avec √ßa ?",2021-10-08 00:42:18+00:00,saphorocoeur,False,0,1
1446265736306077702,1446060297798799361,@anne_sinclair @LeaSalame @France2tv Aucune situation ne peut excuser de vendre son enfant ....,2021-10-08 00:06:36+00:00,franckd38635158,False,0,1
1446240149847875586,1446060297798799361,@anne_sinclair @France2tv Peut on les aider? Est il trop tard?,2021-10-07 22:24:56+00:00,BeauvoirFatima,False,0,0
1446219047020924937,1446060297798799361,@anne_sinclair @France2tv Un choc,2021-10-07 21:01:04+00:00,ParatteDaniell2,False,0,0
1446206254850920455,1446060297798799361,"@anne_sinclair @France2tv Quel d√©sastre, ils ont faim, ils n'ont rien. Plus d'aide internationale, pourquoi?",2021-10-07 20:10:15+00:00,potirone,False,0,0
1446194575425642505,1446060297798799361,"@anne_sinclair @France2tv Alors, contente d'avoir v√©cu avec un violeur et un escroc aux imp√¥ts ?...",2021-10-07 19:23:50+00:00,Famille02934,False,0,0
1446189596430241796,1446060297798799361,@anne_sinclair @France2tv Terrible... pourtant une solution. Leur offrir l'argent n√©cessaire pour qu'ils puissent g‚Ä¶ https://t.co/Jx23EvBYB7,2021-10-07 19:04:03+00:00,laurentleb,False,0,1
1446188337153384460,1446060297798799361,@anne_sinclair @France2tv Je vous y croyais plus intelligente pour ne pas relayer ce type de reportage bidon !!!!,2021-10-07 18:59:03+00:00,j_e_paquin,False,0,0
1446185952548999171,1446060297798799361,@anne_sinclair @France2tv Mais c‚Äôest monstrueux !,2021-10-07 18:49:34+00:00,YvetteAmaraggi,False,0,1
1446157262339334147,1446060297798799361,@anne_sinclair @CG7465CaroleM @France2tv Non,2021-10-07 16:55:34+00:00,ArtemisVo,False,0,1
1446156127587155975,1446060297798799361,@anne_sinclair @LeaSalame @France2tv Une catastrophe mondiale,2021-10-07 16:51:03+00:00,HCroise,False,0,0
1446155806576152577,1446060297798799361,@anne_sinclair @France2tv Ce reportage m‚Äôavait √©chapp√©‚Ä¶ je ne puis imaginer la d√©tresse dans laquelle ces parents d‚Ä¶ https://t.co/2sQMgn4bFg,2021-10-07 16:49:47+00:00,qant1paris,False,0,4
1446138559858053127,1446060297798799361,@anne_sinclair @LeaSalame @France2tv C'est abominable,2021-10-07 15:41:15+00:00,KepenneM,False,0,3
1446116559223545861,1446060297798799361,"@anne_sinclair @France2tv Ce qui est terrible, c‚Äôest le fait que l‚Äôoccident d√©nonce ¬´On¬ªs‚Äô√©meut et ¬´On¬ªva voir d‚Äôau‚Ä¶ https://t.co/iDz27iy8Sx",2021-10-07 14:13:49+00:00,savyjerome,False,0,1
1446115392972214272,1446060297798799361,@anne_sinclair @France2tv sans commentaire quand il s‚Äôagit d‚Äôun enfant,2021-10-07 14:09:11+00:00,PierreTalamon,False,0,2
1446098180014235660,1446060297798799361,@anne_sinclair @Steffie43214043 @France2tv @MaryseBurgot du grand journalisme . Effroyable r√©alit√©...,2021-10-07 13:00:47+00:00,cwvadw,False,0,3
1446094630999765008,1446060297798799361,@anne_sinclair @LeaSalame @France2tv https://t.co/t3PjxcajZD,2021-10-07 12:46:41+00:00,henrythme,False,0,0
1446092132578742279,1446060297798799361,"@anne_sinclair @France2tv Dans d'autres pays c'est encore plus la mis√®re, mais moins g√©n√©rateurs de pleurs .... Et‚Ä¶ https://t.co/7sOiPt0b4x",2021-10-07 12:36:46+00:00,Stephbaume,False,0,4
1446088736840855558,1446060297798799361,@anne_sinclair @LeaSalame @France2tv Quelques soient leur situation c'est inadmissible qu'il √©change leur enfant contre de l'argent.,2021-10-07 12:23:16+00:00,Bigbms2021,False,0,3
1446084348541800448,1446060297798799361,@anne_sinclair @France2tv Terrible,2021-10-07 12:05:50+00:00,GanonJocelyne,False,0,2
1446080032674394116,1446060297798799361,@anne_sinclair @France2tv Ce reportage m a bris√© le c≈ìur  üò∞,2021-10-07 11:48:41+00:00,africarisingtwe,False,0,0
1446075663925010441,1446060297798799361,@anne_sinclair @France2tv üò•üò•üò•,2021-10-07 11:31:19+00:00,StellaMoliner,False,0,0
1446068656971079683,1446060297798799361,@anne_sinclair @France2tv Bouleversant üò¢,2021-10-07 11:03:29+00:00,Franois91692222,False,0,1
1446062402102042630,1446060297798799361,"@anne_sinclair @France2tv Ce qui est plus ""bouleversant"" encore, c'est la #GPA r√©clam√©e par des #bobos fran√ßais bis‚Ä¶ https://t.co/OkdWDUBhmX",2021-10-07 10:38:37+00:00,GoldorakSon,False,0,1
1446061601535188998,1446060297798799361,@anne_sinclair @France2tv Et nous pendant ce temps on se plaint d‚Äôavoir un vaccin et on met @ZemmourEric au second tour‚Ä¶.,2021-10-07 10:35:26+00:00,Concomb09900009,False,0,13
1446061143508889603,1446060297798799361,@anne_sinclair @France2tv Oui‚Ä¶ü•∫,2021-10-07 10:33:37+00:00,MariePicasso,False,0,1
1446061018459824129,1446060297798799361,"@anne_sinclair @France2tv Fallez  pas  gueuler  "" US go  homme ""     ...",2021-10-07 10:33:07+00:00,PoldeLeo,False,0,1
1446060546877444101,1446060297798799361,@anne_sinclair @France2tv Horrible,2021-10-07 10:31:15+00:00,fxv369,False,0,0
1445075216984682512,1437704082823815170,"@anne_sinclair √âtiez vous au courant l'ampleur des fraudes de Dsk, de son hypocrisie et de ses mensonges. Pensez vo‚Ä¶ https://t.co/iwgSrFGbvO",2021-10-04 17:15:54+00:00,Kovacs24281548,False,0,0
1444787220234317835,1437704082823815170,"@anne_sinclair La France m√©rite mieux que les vieilles id√©es de notre gauche qui pense d√©tenir la v√©rit√© du pays.
L‚Ä¶ https://t.co/g4QbHAUxIE",2021-10-03 22:11:30+00:00,the_folie_douce,False,0,0
1444317610611519488,1437704082823815170,"@anne_sinclair Vous n‚Äôaviez pas marre d‚Äôentendre le roi du Maroc pourtant‚Ä¶ le discours est pourtant le m√™me!

 https://t.co/2uhCQXW4ne",2021-10-02 15:05:27+00:00,renardbordelais,False,0,0
1444164681430618117,1437704082823815170,@anne_sinclair Et toi? Marre d‚Äôentendre que vous √™tes victimes de dsk.vous √™tes pas foutu de voir ce qu‚Äô√©tais votre‚Ä¶ https://t.co/zhEKwaPkh5,2021-10-02 04:57:45+00:00,ScaniaTophe,False,0,0
1444160402946920449,1437704082823815170,"@anne_sinclair C est de bonne augure pour M Zemmour qu' elle le d√©teste , les candidats qu' elle appuie n ont pas de chance.",2021-10-02 04:40:45+00:00,Erick47388069,False,0,0
1447102543692107779,1447051071113867267,@leadlagreport https://t.co/mnE68y1r1i,2021-10-10 07:31:46+00:00,ShiBNeverDie1,False,0,0
1447099081864761346,1447051071113867267,@leadlagreport Bear,2021-10-10 07:18:01+00:00,HartmanPharr,False,0,0
