id,date,text,retweet_count
Poun,2020-11-12 23:47:54+00:00,"RT @EmmanuelMacron: Les destins d'un habitant de Rio, Lagos, Canberra, Vienne, Paris, Dakar n'ont jamais √©t√© si li√©s qu'aujourd'hui. Sant√©,‚Ä¶",612
,,,
,,,
,,,
,,,
,,,
,,,
,,,
,,,
,,,
,,,
,,,
,,,
,,,
,,,
,,,
,,,
,,,
,,,
,,,
,,,
,,,
,,,
,,,
,,,
,,,
,,,
,,,
,,,
,,,
,,,
,,,
,,,
,,,
,,,
,,,
,,,
,,,
,,,
,,,
,,,
,,,
,,,
,,,
,,,
,,,
,,,
,,,
,,,
,,,
,,,
,,,
,,,
,,,
,,,
,,,
,,,
,,,
,,,
,,,
Cyd Harrell,2021-10-07 21:16:59+00:00,Bay Area counties setting a marker for future suspension of mask mandates (none of us meet this list yet) - interes‚Ä¶ https://t.co/uBby3KM101,0
Cyd Harrell,2021-10-07 21:06:51+00:00,lol the most SF tweets https://t.co/vLB3J32nT6,1
Cyd Harrell,2021-10-07 20:44:02+00:00,@KatVellos https://t.co/f68TV7qHuf,0
Cyd Harrell,2021-10-07 20:32:34+00:00,RT @dog_rates: This is Bush. It was very windy at the beach today but he remained anchored. 13/10 great work buddy (IG: bushandreagan) http‚Ä¶,16719
Cyd Harrell,2021-10-07 15:11:12+00:00,RT @shannonmstirone: Shipping twitter meets astronomy twitter,58
Cyd Harrell,2021-10-07 15:04:31+00:00,"@wheelyweb I don‚Äôt think Pinboard, one of the premier analysts of these things, would use ‚Äúweb‚Äù imprecisely",0
Cyd Harrell,2021-10-07 14:50:30+00:00,@_loveallthis ‚ù§Ô∏è‚ù§Ô∏è‚ù§Ô∏è,0
Cyd Harrell,2021-10-07 05:12:43+00:00,"RT @jathansadowski: Even in much critical discussion about technology, judgements based on technical parameters routinely supersede those b‚Ä¶",16
Cyd Harrell,2021-10-07 04:27:33+00:00,this is good content https://t.co/vGtFMHFGjI,3
Cyd Harrell,2021-10-07 02:28:06+00:00,@leeloowrites you're not. promise. (&amp; I know this feeling - sending strength),0
Cyd Harrell,2021-10-07 01:55:52+00:00,"@tressiemcphd I felt the corrective force of your ""Respectfully"" all the way over here in California.",0
Cyd Harrell,2021-10-07 01:48:10+00:00,"thought it was going to be a really hard one with all those pretty leaves, but I #FoundThatLizard! https://t.co/Gz1kI2DHOa",0
Cyd Harrell,2021-10-07 00:49:33+00:00,RT @NicoleSganga: BREAKING in United States v. Texas: Judge Pitman issued a preliminary injunction temporarily barring enforcement of Texas‚Ä¶,1120
Cyd Harrell,2021-10-07 00:40:52+00:00,RT @operaqueenie: Are you launching a startup? Thinking about having a shared ownership model (co-op)? Check out this accelerator:,12
Cyd Harrell,2021-10-07 00:40:07+00:00,"RT @egoodman: Head Start (yup, the kids program) needs a technical leader who is good with ""complex bureaucratic work environments"" and som‚Ä¶",7
Cyd Harrell,2021-10-07 00:39:37+00:00,big State of CA data architect job - apply by Saturday! https://t.co/YFUdWyeNfz,4
Cyd Harrell,2021-10-06 23:44:53+00:00,RT @katieharbath: I learned today from @collierfernekes that baby owls sleep on their stomachs. It‚Äôs also an accurate representation of how‚Ä¶,10
Cyd Harrell,2021-10-06 23:28:53+00:00,@migurski your collection of references is still undefeated! omg sad lol,0
Cyd Harrell,2021-10-06 23:28:16+00:00,interesting thread https://t.co/ECL8wBhlLW,1
Cyd Harrell,2021-10-06 23:25:24+00:00,@migurski literal LOL - what if...a drone? with a special charger that has its own firmware?,0
Cyd Harrell,2021-10-06 23:22:17+00:00,"@migurski seriously, are you relying on a Bronze Age technology to feed yourself and your family?!",0
Cyd Harrell,2021-10-06 23:14:20+00:00,FaaS - brilliant https://t.co/nEncAkN4UT,6
Cyd Harrell,2021-10-06 23:05:20+00:00,"RT @histoftech: This. And, as more women enter a field the pay GOES DOWN. So if women ‚Äúchose‚Äù the ‚Äúright subjects‚Äù in high numbers those wo‚Ä¶",769
Cyd Harrell,2021-10-06 20:05:33+00:00,"@steveportigal granted Hoover was racist, I am a bit surprised. should I take this down do ya think?",0
Cyd Harrell,2021-10-06 20:02:03+00:00,"@SourceCodeTara I was alive in this era &amp; I believe that just means ""the gloppy stuff in a jar, not powdered""",0
Cyd Harrell,2021-10-06 19:59:48+00:00,a designer in every pot,1
Cyd Harrell,2021-10-06 19:50:52+00:00,@leeloowrites my mom &amp; sister adore headcheese... yeah,0
Cyd Harrell,2021-10-06 19:50:13+00:00,RT @denise_dewald: Literally all vaccine-preventable childhood illnesses were once endemic. We don‚Äôt have them anymore because of school va‚Ä¶,38
Cyd Harrell,2021-10-06 19:44:06+00:00,"gonna replace all ""how the sausage gets made"" references with this https://t.co/c15s7XmXWx",0
Cyd Harrell,2021-10-06 19:36:00+00:00,"@karenmcgrane @tcarmody ""are the cats supposed to sound that sharp &amp; loud?"" &lt;-- me",0
Cyd Harrell,2021-10-06 19:32:12+00:00,"RT @shannonrwatts: My God. This makes me nauseous. We don‚Äôt have to live like this. Our children sure as hell shouldn‚Äôt die like this. 

Ge‚Ä¶",1254
Cyd Harrell,2021-10-06 17:36:22+00:00,"@Aiyaruk hm, good point - although my impression is that these apps are often created by/for the convenience of men‚Ä¶ https://t.co/lV43VHlnUy",0
Cyd Harrell,2021-10-06 17:20:31+00:00,"RT @innovationwonk: Many of my close federal and state govt colleagues, especially those that have worked nonstop on #Covid_19 response sin‚Ä¶",9
Cyd Harrell,2021-10-06 17:15:53+00:00,RT @polotek: This is a really incredible portrait of a family trying to make their fortunes in America. It illustrates how a lot of the thi‚Ä¶,31
Cyd Harrell,2021-10-06 17:03:15+00:00,@aedwardslevy this is especially great when you're getting to the website from a link in a personalized email the c‚Ä¶ https://t.co/ZNlnmqvCHY,0
Cyd Harrell,2021-10-06 16:59:36+00:00,"@_danilo Webvan was so close, dammit",0
Cyd Harrell,2021-10-06 16:45:11+00:00,"also, this is just beautifully written. ""anything from a bunch of bananas to a can of soda to a carton of oat milk‚Ä¶ https://t.co/tLEeowa7Wz",4
Cyd Harrell,2021-10-06 16:43:12+00:00,"@ddt the business model was never gonna work, but I do appreciate that 90s boom startups gave the delivery staff equity",0
Cyd Harrell,2021-10-06 16:36:09+00:00,https://t.co/Jj6vPKa4gf is a warning not a manual https://t.co/2jFuwWRGdI,0
Cyd Harrell,2021-10-06 15:44:00+00:00,"&amp; then when you go from signals of ""popular"" like ""bought a copy"" to the much more slippery concept of ""engagement""‚Ä¶ https://t.co/4qtQRf0NPU",0
Cyd Harrell,2021-10-06 15:42:26+00:00,"I mean, my 17-year-old used slightly more adult words in indicating that no the fuck she would not be doing any  Zo‚Ä¶ https://t.co/i97HUlV62g",0
Cyd Harrell,2021-10-06 15:38:07+00:00,"honestly, these algorithms are largely *terrible* at actual personalization - they amplify obviously related things‚Ä¶ https://t.co/9EjflNLaLl",8
Cyd Harrell,2021-10-06 14:34:50+00:00,RT @ilCognoscentini: @JoyceCarolOates Ursula LeGuin on the singular ‚Äòthey‚Äô https://t.co/gOrzb56WtA,2266
Cyd Harrell,2021-10-06 01:43:03+00:00,@hondanhon omg,0
Cyd Harrell,2021-10-05 23:50:16+00:00,@jainkiranc @aarieff WAIT. are you two working together now? this is powerful!,0
Cyd Harrell,2021-10-05 23:48:34+00:00,"@keithkurson interesting! there were many things I loved about the UI implementation of Inbox, but the biggest game‚Ä¶ https://t.co/QPJ5yd7w3W",0
Cyd Harrell,2021-10-05 23:13:51+00:00,RT @Pinboard: There is an inverse relationship between severity and rarity. As services like AWS become better at containing imaginable fai‚Ä¶,16
Cyd Harrell,2021-10-05 23:02:59+00:00,RT @djbaskin: Just learning about these fake coyotes at SFO airport that help prevent aircrafts from hitting birds and small animals. They'‚Ä¶,113
Cyd Harrell,2021-10-05 22:53:19+00:00,"@keithkurson wait, is this similar to Inbox Pin &amp; Sweep?",0
Cyd Harrell,2021-10-05 22:52:31+00:00,"RT @allafarce: ""People who are doing good may not realize how big 50-70 bucks a week is.""",2
Cyd Harrell,2021-10-05 22:38:40+00:00,@polotek one of the best illustrations of the levels I've ever read is this (from almost 10 years ago now) - profil‚Ä¶ https://t.co/UvLfQeNFEV,32
Cyd Harrell,2021-10-05 22:08:57+00:00,@dylanw but how do you even ownership it then. where is the proof,0
Cyd Harrell,2021-10-05 22:03:18+00:00,"@anthonygarvan nope, from my long ago corporate life",0
Cyd Harrell,2021-10-05 21:20:20+00:00,"RT @The_Maintainers: We are delighted to announce The Maintainers Movement Fellowship 2022, a year-long engagement to support researchers &amp;‚Ä¶",27
Cyd Harrell,2021-10-05 21:14:02+00:00,"if we had the public health system we should, this kind of service design would be everywhere https://t.co/oU81OQCUZW",2
Cyd Harrell,2021-10-05 20:58:42+00:00,RT @histoftech: Thinking a lot about the Ford pinto memo today.,26
Cyd Harrell,2021-10-05 20:11:50+00:00,"@cliffseal yes, I do those! I just followed you, can you DM me a little more information about what you're looking for?",0
Cyd Harrell,2021-10-05 20:09:51+00:00,"was reminded by today's discourse that you can actually get a non-algo feed on FB, here - went in there, unfollowed‚Ä¶ https://t.co/vS44Em8OXq",0
Cyd Harrell,2021-10-05 19:52:24+00:00,RT @internetrebecca: watching the watchers = ‚Äúsousveillance‚Äù h/t @kvnweb https://t.co/uKKHI3xBmQ,1
Cyd Harrell,2021-10-05 18:28:07+00:00,"@Klonick @jdp23 yeah, that tracks (I probably should have YIKESed the tweet that showed the poster itself)",0
Kim Goodwin,2021-10-07 19:07:56+00:00,"@ziv1lazar Interesting‚Ä¶and yet you give up the swipe-to-switch-tabs, which is too bad.",0
Kim Goodwin,2021-10-07 16:34:03+00:00,@vcastillo630 Also‚Ä¶how do you address ‚Äúrespect‚Äù when folks don‚Äôt have a shared understanding of it? Folks with priv‚Ä¶ https://t.co/VlZ8AqzDVe,0
Kim Goodwin,2021-10-07 14:19:07+00:00,"@simonianson It could, but I think moving the URLs is fighting with years of training.",0
Kim Goodwin,2021-10-07 14:05:31+00:00,@simonianson I honestly don‚Äôt think they should. We are trained in this kind of visual hierarchy from the time we s‚Ä¶ https://t.co/sWT8VYe5b5,0
Kim Goodwin,2021-10-07 13:13:22+00:00,"And sometimes it is still more motor work‚Äîe.g. because every site puts search at the top, so you‚Äôre still reaching‚Ä¶ https://t.co/Spv1aUOQui",0
Kim Goodwin,2021-10-07 13:11:30+00:00,I‚Äôve been using mobile Safari‚Äôs ‚Äúurl at the bottom‚Äù UI for about 3 weeks &amp; it is still tripping me up. It‚Äôs less mo‚Ä¶ https://t.co/aaroWd97OA,2
Kim Goodwin,2021-10-07 12:56:07+00:00,"How seamless retail UX helps to destroy the planet. Depressing, but worth reading. https://t.co/UdcREh4NjO",4
Kim Goodwin,2021-10-07 12:30:02+00:00,RT @mulegirl: I'm doing a workshop today and in preparation recalled this gem I happened on last year while watching original Star Trek.‚Ä¶,19
Kim Goodwin,2021-10-07 01:23:18+00:00,@tiffani Nice to see some great news!,0
Kim Goodwin,2021-10-07 00:05:52+00:00,@lrb23 @cydharrell If you have to just call it ‚Äúliquid‚Äù that is somehow not a good sign,0
Kim Goodwin,2021-10-06 20:07:13+00:00,@cydharrell And of *course* it‚Äôs canned asparagus ü§¢,0
Kim Goodwin,2021-10-06 15:31:42+00:00,"When one of your team asks how to handle a sticky situation, it can feel efficient (&amp; maybe a little gratifying) to‚Ä¶ https://t.co/XDpQGDTgsg",7
Kim Goodwin,2021-10-04 16:25:45+00:00,RT @vcastillo630: (1/6) @hmntycntrd is excited to present our first live-half day event (with American Sign Language Interpreters and CART‚Ä¶,28
Kim Goodwin,2021-10-04 15:08:14+00:00,@twinfrey Good one,0
Kim Goodwin,2021-10-04 12:58:55+00:00,"‚ÄúWe know you‚Äôre trying to accomplish a task with our app right now, but we‚Äôve decided to log you out for no apparen‚Ä¶ https://t.co/KNTAaoVsAs",2
Kim Goodwin,2021-09-30 16:53:23+00:00,"RT @PavelASamsonov: Engagement metrics: When you don't know why people use your product, but want to make up a metric to measure your PMs o‚Ä¶",15
Kim Goodwin,2021-09-29 16:45:59+00:00,@cydharrell My favorite was: don‚Äôt go outside with wet hair or you‚Äôll catch a cold,0
Kim Goodwin,2021-09-29 14:54:52+00:00,"If you need to have a little fun online this week, @KatmaiNPS #fatbearweek is the best beauty contest ever. https://t.co/NqJnBeCly9",1
Kim Goodwin,2021-09-29 01:16:58+00:00,@wcmille The worst,0
Kim Goodwin,2021-09-28 12:13:36+00:00,"@charliestroble Yes‚Ä¶and everyone bears some responsibility for good communication, because nobody is perfect at it",0
Kim Goodwin,2021-09-27 16:49:46+00:00,"@wcmille That requires self-awareness, though",0
Kim Goodwin,2021-09-27 16:04:05+00:00,"@odannyboy At least Google Glass immediately marked someone as a privacy-invading weird nerd, so others could avoid them.",0
Kim Goodwin,2021-09-27 16:00:42+00:00,"Good thing to remember when managing up. Even if the opinion is a little off the mark, that exec often has a valid‚Ä¶ https://t.co/7uy6qgSK2F",4
Kim Goodwin,2021-09-26 12:33:14+00:00,"RT @MindtheProduct: This Sunday rewind, we travel back to #mtpcon London in 2018 to hear from @kimgoodwin. Kim gets us thinking about the m‚Ä¶",2
Kim Goodwin,2021-09-25 23:05:06+00:00,@hondanhon @nickf No doubt I‚Äôll find some use for it üòÜ,0
Kim Goodwin,2021-09-25 13:06:28+00:00,@ryaninteractive Seriously,0
Kim Goodwin,2021-09-25 04:32:02+00:00,@davidriecks Time machine,1
Kim Goodwin,2021-09-25 04:31:34+00:00,@ninavizz @miniver A fair take on its ancestry,0
Kim Goodwin,2021-09-25 04:31:07+00:00,@benbrignell Thankfully I saw this in a colleague‚Äôs AirBnB &amp; didn‚Äôt have to make the attempt üòÜ,0
Kim Goodwin,2021-09-25 04:28:47+00:00,@bryandavidk Love that film,0
Kim Goodwin,2021-09-25 04:27:08+00:00,@williampietri @alangmead Toe-operated controls?,0
Kim Goodwin,2021-09-25 00:16:03+00:00,"@nickf Wait, what?!",0
Kim Goodwin,2021-09-24 20:39:37+00:00,This one might need to go in the bad shower UX hall of fame. https://t.co/ijWaTyibjL,109
Kim Goodwin,2021-09-23 15:54:23+00:00,@elizaIO Only 33 ;-),0
Kim Goodwin,2021-09-22 19:20:36+00:00,@alextherrien Some cute little island off Cape Cod,0
Kim Goodwin,2021-09-22 18:38:15+00:00,Delivery company: Do we need to take a ferry or boat to reach you? Are there bridge weight restrictions or vehicle‚Ä¶ https://t.co/ZmrQBS2eIk,0
Kim Goodwin,2021-09-22 12:44:54+00:00,@anne_staude Every product team thinks they‚Äôre alarm matters‚Ä¶they don‚Äôt think about the 87 other beeping things,0
Kim Goodwin,2021-09-22 12:43:52+00:00,"@SteveCusumano But how would they spell it wrong, then?",0
Kim Goodwin,2021-09-22 12:43:21+00:00,@jfdonohoe That‚Äôs‚Ä¶.quite a service design,0
Kim Goodwin,2021-09-22 12:42:33+00:00,@Bendre There are examples everywhere!,0
Kim Goodwin,2021-09-22 12:41:00+00:00,@jackexmachina I‚Äôve worked on some of those. They‚Äôre really all about billing.,0
Kim Goodwin,2021-09-22 12:39:49+00:00,@BrunoFigueiredo Labels FTW,0
Kim Goodwin,2021-09-22 03:03:30+00:00,@cwhooten @sagotsky @amynewell Is this example who I think it is?,0
Kim Goodwin,2021-09-22 00:13:28+00:00,@EmilyTav All too common,0
Kim Goodwin,2021-09-22 00:07:10+00:00,@EmilyTav Oh no!,0
Kim Goodwin,2021-09-21 22:54:13+00:00,@cydharrell To relax &amp; enjoy the sunshine?,0
Kim Goodwin,2021-09-21 22:48:22+00:00,@jydesign That is believable as some sort of healthcare device,0
Kim Goodwin,2021-09-21 22:41:47+00:00,@melaniekahl Oh there are always nursing hacks! The things that should have been designed in to begin with.,0
Kim Goodwin,2021-09-21 22:31:32+00:00,"@tigerlily7a Elevators should not need instruction sheets, but here we are",0
Kim Goodwin,2021-09-21 22:30:24+00:00,@StacyHolmstedt Not to mention complete lack of accessibility for differences in color perception,0
Kim Goodwin,2021-09-21 22:29:19+00:00,@jackmoffett Exactly,0
Kim Goodwin,2021-09-21 21:23:26+00:00,Do normal people look at healthcare settings &amp; itch to redesign them? https://t.co/XnDbHtLRBN,36
Kim Goodwin,2021-09-15 17:33:37+00:00,@cydharrell Unicode also needs a LOL/sob emoji,0
Kim Goodwin,2021-09-15 17:33:06+00:00,@pboersma @brownorama Option 4: hiring,0
Kim Goodwin,2021-09-14 14:32:49+00:00,@jitendramr @vanschneider Clever‚Ä¶though the assumption of a male engineer seems unnecessary üòâ,0
Kim Goodwin,2021-09-13 17:12:36+00:00,Spent the last week in a pair of 1960s De Havilland Beaver seaplanes. They‚Äôre pragmatic little workhorses &amp; I could‚Ä¶ https://t.co/UrbBeRBZwk,3
Kim Goodwin,2021-09-01 15:21:23+00:00,Please stay 6 feet from other airline passengers until we seat you 2 inches from them for next few hours.,5
Kim Goodwin,2021-08-31 17:10:28+00:00,Good communication advice for anyone leading a team or project https://t.co/To36muahL4,4
Kim Goodwin,2021-08-31 14:21:06+00:00,"Also check out other tracks on research &amp; strategy, ethics, and AI by @thebrainlady @axbom @chrisnoessel",0
Kim Goodwin,2021-08-31 14:12:30+00:00,@ddt @ambitiongrp His photo is pretty classic!,0
Draplin Design Co.,2021-09-25 04:25:27+00:00,DDC12000: For Erick Darrow.,0
Draplin Design Co.,2021-09-14 21:17:14+00:00,DDC11999: For Norm Macdonald.,0
Draplin Design Co.,2021-09-06 22:09:20+00:00,DDC11998: For Michael K. Williams.,1
Draplin Design Co.,2021-09-05 20:02:03+00:00,DDC11997: For Willard Scott.,1
Draplin Design Co.,2021-08-29 19:08:50+00:00,DDC11996: For Ed Asner.,0
Draplin Design Co.,2021-08-29 17:31:49+00:00,DDC11995: For Lee ‚ÄúScratch‚Äù Perry.,3
Draplin Design Co.,2021-08-24 18:34:12+00:00,DDC11994: For Charlie Watts.,0
Draplin Design Co.,2021-08-21 14:31:04+00:00,DDC11993: For Tom T. Hall. (He loved onions.),1
Draplin Design Co.,2021-08-20 13:42:17+00:00,DDC11992: For Chuck Close.,2
Draplin Design Co.,2021-08-19 15:39:08+00:00,DDC11991: My Dad‚Äôs biggest claim to fame was when ‚Äúhe took a piss next to Bill Freehan‚Äù at a Glen Campbell show at Cobo Arena. Go Tigers.,0
Draplin Design Co.,2021-08-19 15:27:02+00:00,DDC11990: For Bill Freehan.,0
Draplin Design Co.,2021-08-03 06:24:16+00:00,DDC11989: RT: @pennyack: How come your website isn‚Äôt mobile friendly? &gt; It was built in 1998. And it‚Äôs a real turd. New site coming soon!,0
Draplin Design Co.,2021-07-31 06:57:23+00:00,"DDC11988: THIS IS COOL, TOO: Dinosaur Jr, 1991. https://t.co/DkEMXCREuF",1
Draplin Design Co.,2021-07-30 08:47:09+00:00,"DDC11987: THIS IS COOL: Polvo, 1992. https://t.co/MDJ67Rbv0M",0
Draplin Design Co.,2021-07-30 08:01:46+00:00,DDC11986: For Senator Carl Levin.,0
Draplin Design Co.,2021-07-28 19:53:42+00:00,DDC11985: For Dusty Hill.,4
Draplin Design Co.,2021-07-25 02:26:48+00:00,"DDC11984: FABRICOH: Damn, I wish I was back in Chicago seeing those Archers of Loaf tonight. Dang. #fearofmissingloaf #middleage",0
Draplin Design Co.,2021-07-17 07:39:10+00:00,DDC11983: For Biz Markie.,2
Draplin Design Co.,2021-06-14 16:53:45+00:00,DDC11982: For Ned Beatty.,0
Draplin Design Co.,2021-05-26 23:30:02+00:00,DDC11981: NO ONE TELLS ME NOTHING: Just finding out about this beast: https://t.co/IQmfp76bh2 Oh man. Wild times! #rightangles #electricity,2
Draplin Design Co.,2021-05-24 20:42:06+00:00,DDC11980: VAXXED TO THE MAX: Our ‚ÄúVery Vaccinated‚Äù spirit patch and decal kit are NOW SHIPPING: https://t.co/AmS9PamhY9 Historic pokes!!!,5
Draplin Design Co.,2021-05-22 08:27:33+00:00,"DDC11979: FUCKIN‚Äô BLEW IT: Not seeing these guys back in the day: https://t.co/ru2fpCkhHk An incredible band. Superdrag in Portland, 1996.",0
Draplin Design Co.,2021-05-19 04:26:24+00:00,DDC11978: For Charles Grodin.,0
Draplin Design Co.,2021-05-17 19:33:48+00:00,"DDC11977: FROTHY FRENZY: Sold a big chunk in the first couple minutes, but I have a MOUNTAIN of these on deck. Moving like crazy! #hellyeah",0
Draplin Design Co.,2021-05-17 19:04:00+00:00,DDC11976: IT‚ÄôS HIGH NOON: And that link to our ‚ÄúTIMEX x DDC Scout Watch‚Äù is up: https://t.co/cDLmocYAYV,1
Draplin Design Co.,2021-05-17 16:57:35+00:00,"DDC11975: TWO HOURS FROM NOW: The fourth edition of our ‚ÄúTIMEx x DDC Scout Watch‚Äù drops over at https://t.co/w8nd0LjFx8. Noon, 12 PM PST!",1
Draplin Design Co.,2021-05-12 17:22:07+00:00,"DDC11974: VERY VIRGINIA: @DM4PREZ: Still in stock, man! https://t.co/tOyemCbX8M",0
Draplin Design Co.,2021-05-11 16:17:13+00:00,DDC11973: RT: @SKILLSHARE: @Draplin has always taken inspiration from the rough quality of vintage graphics. In his‚Ä¶ https://t.co/vSbHP3vNOo,0
Draplin Design Co.,2021-05-11 15:52:41+00:00,DDC11972: FOR IMMEDIATE RELEASE: Our new @Skillshare class ‚ÄúCrusty Techniques: Getting Dirty with the DDC‚Äù is up! G‚Ä¶ https://t.co/dD8n73ej5N,1
Draplin Design Co.,2021-05-10 22:29:18+00:00,"DDC11971: BONAFIDE DAYWRECKER HERE: An action-packed archive of ‚Äò80s action figure logos! GET IN THERE, YOU ANIMALS: https://t.co/JUK6vqiXlG",13
Draplin Design Co.,2021-04-20 21:11:16+00:00,DDC11970: Justice for George Floyd!,7
Draplin Design Co.,2021-04-20 02:51:13+00:00,DDC11969: For Walter Mondale.,0
Draplin Design Co.,2021-03-26 18:14:42+00:00,DDC11968: RT: @trimet: Let‚Äôs settle this: Which of our old sector symbols was best? https://t.co/A8Ga98nGPr &gt; 1. Rose 2. Raindrops 3. Beaver,0
Draplin Design Co.,2021-03-26 18:11:37+00:00,DDC11967: RT: @dribbble: Looking to make your mark?‚ú®Join @Draplin for an interactive #DribbbleWorkshop where you‚Äôll‚Ä¶ https://t.co/twLQKbqJNi,0
Draplin Design Co.,2021-03-19 17:41:52+00:00,DDC11966: RT: @dribbble: Learn logo design &amp; workflow optimization from @Draplin on April 7! Reserve your spot now: https://t.co/oIJeoOnJDU,0
Draplin Design Co.,2021-03-16 09:32:05+00:00,DDC11965: For Yaphet Kotto.,0
Draplin Design Co.,2021-03-02 21:49:07+00:00,"DDC11964: ATTENTION, PORTLAND: Anyone looking to move a flat file? We are ‚Äúin the market‚Äù looking for a 49.5‚Äù x 39‚Äù-ish 5-drawer in ‚Äúgray.‚Äù",3
Draplin Design Co.,2021-02-27 00:53:50+00:00,"DDC11963: GOING LIVE AT FIVE: Doing a Factory Floor Friday live Instagrizz in in 7 minutes. 5 PM PST. Sketching, vectoring and bullshitting!",1
Draplin Design Co.,2021-02-26 22:58:26+00:00,DDC11962: BIG BANG: Sold 300 of these bad boys in the first 30 seconds! INSANITY!!! Still have a handful left!‚Ä¶ https://t.co/lXY03Lrsex,1
Draplin Design Co.,2021-02-26 20:01:32+00:00,DDC11961: NOW: Cuts like a knife! https://t.co/0b5qOdqENC @thejamesbrand,0
Draplin Design Co.,2021-02-26 18:48:59+00:00,"DDC11960: RT: @beardsndesign: I await to purchase two. üî™ &gt; HELL YEAH, UTAH! THESE THINGS ARE LINED UP AND READY FOR THAT WASATCH ONE-WAY!",0
Draplin Design Co.,2021-02-26 18:46:57+00:00,"DDC11959: RT: @bump: I have this tiny orange knife. It's really nice. https://t.co/dLvUpoXDjA &gt; Thanks, Occhialini! #HELLYEAH #ORANGENESS",0
Draplin Design Co.,2021-02-26 18:46:05+00:00,DDC11958: @SounderTID: They are $60 + Shipping. My first Elko lasted me four years. That‚Äôs a $1.25 a month. Good value. Sharp as shit! GO!,0
Draplin Design Co.,2021-02-26 18:14:17+00:00,DDC11957: HIGH NOON TODAY: The second offering of our @thejamesbrand x DDC ‚ÄúElko‚Äù knife! At this link at 12 PM PST: https://t.co/O3AwqciNHX,2
Draplin Design Co.,2021-02-24 02:24:12+00:00,DDC11956: DAMN: We love @howlinrain! All the way back to 2006. ‚ÄúUnder the Wheels Vol 2‚Äù FUCKIN‚Äô RIPS. Boss cover! @arik_roper @chunklet,1
Draplin Design Co.,2021-02-23 21:18:26+00:00,DDC11955: For Lawrence Ferlinghetti.,0
Draplin Design Co.,2021-02-20 00:46:58+00:00,"DDC11954: GOING LIVE AT FIVE: Factory Floor Friday on our Instagrizz live thingie. 5 PM sharp. Live drawing, vectoring &amp; gen‚Äôl bullshitting.",0
Draplin Design Co.,2021-02-20 00:38:28+00:00,DDC11953: RT: @SeanMcCarthee: I bought @Draplin‚Äôs book. I might even read it someday. https://t.co/QuGQ38LiV5 &gt; TRIPLE DOG DARE YOU.,2
Draplin Design Co.,2021-02-18 23:34:29+00:00,"DDC11952: A MOMENT OF SILENCE, PLEASE: For Bruce Blackburn, who‚Äôs in the @nytimes today: https://t.co/2UM6c6ftmE (Thanks, @youngstownjesse.)",21
Draplin Design Co.,2021-02-15 06:51:28+00:00,DDC11951: RIPPING: https://t.co/Vx5VqSwlOc,0
Draplin Design Co.,2021-02-13 23:14:50+00:00,"DDC11950: RT: @youngstownjesse: YUM: https://t.co/Iyt2pJuUEi &gt; A lot to unpack there. I‚Äôm hung up on the ‚ÄúPB‚Äù in a ‚ÄúDamn, that width!‚Äù loop.",1
Draplin Design Co.,2021-02-07 23:23:17+00:00,"DDC11949: RT: @michaelbierut: Blackburn created the Bicentennial symbol while a partner at Chermayeff &amp; Geismar, an‚Ä¶ https://t.co/FM8e9Obayn",0
Draplin Design Co.,2021-02-07 23:21:51+00:00,DDC11948: RT: @michaelbierut: RIP Graphic designer Bruce Blackburn (1938-2021) who 45 years ago designed one of the‚Ä¶ https://t.co/j7vr5UGOy3,2
Draplin Design Co.,2021-02-07 23:20:42+00:00,DDC11947: For Bruce Blackburn.,0
Draplin Design Co.,2021-02-06 03:07:16+00:00,DDC11946: For Christopher Plummer.,1
Draplin Design Co.,2021-02-03 05:29:54+00:00,DDC11945: For Hal Holbrook.,0
Draplin Design Co.,2021-01-28 08:30:51+00:00,DDC11944: For Cloris Leachman.,0
Draplin Design Co.,2021-01-27 21:47:19+00:00,DDC11943: LUNAR LEES: Just snagged a couple vinyl copies of @TheLeesOfMemory ‚ÄúMoon Shot‚Äù and BLASTING the download now! DIGGING IT! #guitars,0
Draplin Design Co.,2021-01-26 23:56:59+00:00,"DDC11942: ‚Ä¶through about two songs. Walked home. Summer of ‚Äô97? He starting doing that hopping  side to side thing, and I had to go. Ha.",0
Draplin Design Co.,2021-01-26 23:55:09+00:00,"DDC11941: @fezlab: I did those summers in Alaska, and there‚Äôd be one concert per summer. Primus came one year. EVERYONE went. I made it‚Ä¶",0
Frank Chimero,2021-10-06 19:52:07+00:00,@ChappellTracker @karenmcgrane Hello from a dude who regularly wears his noise-cancelling headphones around the apa‚Ä¶ https://t.co/47z3kOysP4,1
Frank Chimero,2021-10-06 15:46:54+00:00,Love Laurie. Love Sam. Wonderful profile on a wonderful artist. https://t.co/MqsKf1sY7F,0
Frank Chimero,2021-10-04 20:14:31+00:00,@francois_bach @LexRomanInc @hyumankind @multimicah @tranhelen @jackbutcher @darngooood https://t.co/5qP9uIAtXx,0
Frank Chimero,2021-10-02 01:57:46+00:00,RT @mattyj612: All of moral philosophy is intellectually bankrupt because it fails to consider that the prime virtue and source of meaning‚Ä¶,24
Frank Chimero,2021-10-01 19:19:06+00:00,@austinkleon Yep,0
Frank Chimero,2021-10-01 18:27:53+00:00,"Damn, I really was sleeping on that last Madlib album. Came out back in January. Go give it a spin if you don‚Äôt wanna be a dummy like me.",0
Frank Chimero,2021-09-30 19:23:01+00:00,"Shout out to halloumi, GOAT cheese.",3
Frank Chimero,2021-09-30 19:19:01+00:00,@destroytoday @grillitype üò¢ but also ü•≤,0
Frank Chimero,2021-09-30 19:17:43+00:00,"@simonlind @asallen @vanschneider @rsms @bdc @notdetails Thanks, Simon! It‚Äôs great company, but sorry guys, my favo‚Ä¶ https://t.co/2N9nshiyi0",0
Frank Chimero,2021-09-27 22:10:30+00:00,"Bird shoes.
Never worn.
Fuckin‚Äô bird.",1
Frank Chimero,2021-09-26 21:01:24+00:00,@destroytoday @kyleturman https://t.co/12UFoDXLsa,0
Frank Chimero,2021-09-26 20:43:54+00:00,"@destroytoday @kyleturman I switched to a 4-day work week in January, and want it for everyone.",0
Frank Chimero,2021-09-24 16:11:19+00:00,"New post: The Green Ray, about feeling through color. https://t.co/hI8LyPxJTM
(Published a couple weeks ago and for‚Ä¶ https://t.co/7elM4OHFVb",0
Frank Chimero,2021-09-21 17:17:57+00:00,@klimtypefoundry üî•ü•µüî•,0
Frank Chimero,2021-09-15 20:48:05+00:00,"Really enjoyed this convo. Plus, loved the story about the FORBIDDEN HALLWAY. https://t.co/FCjv9d9ohA",0
,,,
,,,
,,,
,,,
,,,
,,,
,,,
,,,
,,,
,,,
,,,
,,,
,,,
,,,
,,,
,,,
,,,
,,,
,,,
,,,
,,,
,,,
,,,
,,,
,,,
,,,
,,,
,,,
,,,
,,,
,,,
,,,
,,,
,,,
,,,
,,,
,,,
,,,
,,,
,,,
,,,
,,,
,,,
,,,
,,,
,,,
,,,
,,,
,,,
,,,
,,,
,,,
,,,
,,,
,,,
,,,
,,,
,,,
,,,
,,,
,,,
,,,
,,,
,,,
,,,
,,,
,,,
,,,
,,,
,,,
,,,
,,,
,,,
,,,
,,,
,,,
,,,
,,,
,,,
,,,
,,,
,,,
,,,
,,,
,,,
,,,
,,,
,,,
,,,
,,,
,,,
,,,
,,,
,,,
,,,
,,,
,,,
,,,
,,,
,,,
,,,
,,,
,,,
,,,
,,,
Francisco Inchauste,2021-09-17 12:09:56+00:00,Looking for a few more. Big thanks to those who signed up! https://t.co/VySZjnusAO,0
Francisco Inchauste,2021-09-17 01:42:13+00:00,"@RianVDM I saw that, thank you!",0
Francisco Inchauste,2021-09-16 17:14:30+00:00,Hello good people üëã A friend and I are starting a product design newsletter called: One More Thing. A nod to our de‚Ä¶ https://t.co/XW2t7rBWya,0
Francisco Inchauste,2021-06-12 00:10:22+00:00,RT @CraigWeekend: https://t.co/2hzoHCFLgt,33621
Francisco Inchauste,2021-06-11 13:40:46+00:00,RT @joebernard: I'm about to release a project I've been working on. It's an iPhone app focused on casual photography and video. I could us‚Ä¶,1
Francisco Inchauste,2021-06-09 13:09:12+00:00,@mar15sa Good observation. I‚Äôve worked remotely for years and forgot about this. Being an introvert and doing extro‚Ä¶ https://t.co/8ujeqkXEpQ,0
Francisco Inchauste,2021-06-08 15:56:00+00:00,"When I click on an article and end up on a product's blog, I don't like the feeling that I've been suckered into th‚Ä¶ https://t.co/6nzJ8QYJ7E",0
Francisco Inchauste,2021-06-07 22:18:02+00:00,@JanelSGM Agree! I also think removing parts of social media also helps. I recently did this: https://t.co/IBoccolrUS,0
Francisco Inchauste,2021-06-07 21:37:16+00:00,Worked so well that I think I‚Äôll do this for other platforms.,0
Francisco Inchauste,2021-06-07 21:37:16+00:00,"I‚Äôm adding things back in *only* if there is some value. Honestly, it‚Äôs so much better and I feel back in control.",0
Francisco Inchauste,2021-06-07 21:37:15+00:00,"My connections are still there, but no more FOMO or feeling more imposter syndrome (than the normal amount) because‚Ä¶ https://t.co/KZQgRJVp8q",0
Francisco Inchauste,2021-06-07 21:37:15+00:00,"I figured out how to make LinkedIn much better (less FOMO and imposter syndrome, more value.)

I unfollowed *everyt‚Ä¶ https://t.co/2SpzvtBo1S",0
Francisco Inchauste,2021-05-29 18:29:40+00:00,RT @neilsardesai: Lol imagine if files and folders got heavier the bigger they get https://t.co/M9901YrJuK,3999
Francisco Inchauste,2021-05-28 21:30:27+00:00,P.S. I didn‚Äôt make up the term 'tooler.' The first time I saw it was in a blog post by @Vonster (a long time ago).,0
Francisco Inchauste,2021-05-28 21:30:27+00:00,I think it‚Äôs interesting to consider what would happen if we shifted from being toolers to thinkers and taught peop‚Ä¶ https://t.co/BPMt3lRf5v,0
Francisco Inchauste,2021-05-28 21:30:27+00:00,"My hypothesis is that if I were to examine (for example) how product design is taught, you would find it‚Äôs mostly w‚Ä¶ https://t.co/0qWxHJVJIX",0
Francisco Inchauste,2021-05-28 21:30:26+00:00,The tech and design industry has an obsession with tools because we build a lot of tools for other people. An effec‚Ä¶ https://t.co/OjBKVMvkl1,0
Francisco Inchauste,2021-05-28 21:30:26+00:00,"When you are mostly focused on the tools of the trade, you are limiting the kinds of problems you are able to solve‚Ä¶ https://t.co/E9cEuU21k6",0
Francisco Inchauste,2021-05-28 21:30:26+00:00,"I don‚Äôt have a good definition of what I would bundle under thinking yet, but I would see it similar to how Charlie‚Ä¶ https://t.co/9dMRt2RLj0",0
Francisco Inchauste,2021-05-28 21:30:26+00:00,"A tool can be defined here as an app (@figmadesign,  @ProtoPieApp, @InVisionApp), framework (@tailwindcss, @reactjs‚Ä¶ https://t.co/sZKCAoJxLX",0
Francisco Inchauste,2021-05-28 21:30:25+00:00,"Something I‚Äôve been thinking about: 

We all begin as a tooler (a tool reliant person‚Äîsometimes getting stuck there‚Ä¶ https://t.co/2UvT6LoLsd",0
Francisco Inchauste,2021-05-28 18:25:12+00:00,@drewwilson https://t.co/quchjsuJTn,0
Francisco Inchauste,2021-05-28 01:03:11+00:00,@amyhoy S√≠!,0
Francisco Inchauste,2021-05-28 00:53:44+00:00,"@SethCoolen The best definition I've heard is: A design system is design + code + documentation. 

Many people buil‚Ä¶ https://t.co/EFDXniE75t",5
Francisco Inchauste,2021-05-25 18:21:15+00:00,"I've noticed a number of people using the word ""crisp"" in meetings lately in place of ""clear."" Is this a thing?",0
Francisco Inchauste,2021-05-23 22:37:05+00:00,"A great way to think about yes vs. no:

""Saying no saves you time in the future. Saying yes costs you time in the f‚Ä¶ https://t.co/H1m3lm3X9g",1
Francisco Inchauste,2021-02-24 02:02:53+00:00,@conroydave No.,0
Francisco Inchauste,2021-02-19 21:15:49+00:00,@odannyboy This is what you get when you try to fix the result of the problem instead of the actual cause of it.,0
Francisco Inchauste,2021-02-19 17:22:12+00:00,"Cancelled @Spotify premium &amp; found that the ad engine assumes things about me based on my name. Primarily, it serve‚Ä¶ https://t.co/u8ygt8WtXO",0
Francisco Inchauste,2020-11-20 00:11:14+00:00,@jzy They probably did. No one likes change. But I think the point (of that article and quote) is that they are not‚Ä¶ https://t.co/jdbKlhWtsE,0
Francisco Inchauste,2020-11-19 20:23:58+00:00,https://t.co/bXCiSS3OgW,0
Francisco Inchauste,2020-11-19 20:23:40+00:00,"‚ÄúThere's a long history of platforms coming up with ideas that no one asked for ... ‚ÄòAnd we should ask, is this bec‚Ä¶ https://t.co/mlcfyZX5NY",1
Francisco Inchauste,2020-11-19 17:51:57+00:00,@_davidtucker_ BetterSnapTool https://t.co/PCV5A7vsnw,0
Francisco Inchauste,2020-11-17 18:23:28+00:00,"@RianVDM I respect your decision, but it‚Äôs a shame we can‚Äôt continue to enjoy your great writing. Anyone can blindl‚Ä¶ https://t.co/A4qywdrlnC",0
Francisco Inchauste,2020-11-10 18:44:20+00:00,The Apple Events are probably the most profitable infomercials in history. https://t.co/EOYMg1MwAV,0
Francisco Inchauste,2020-11-10 18:31:47+00:00,Apple is definitely stealing tech from aliens. #AppleEvent,0
Francisco Inchauste,2020-11-05 15:39:36+00:00,üëè https://t.co/CYs8IrqHDT,0
Francisco Inchauste,2020-11-04 16:53:47+00:00,"@corbpage We‚Äôre a fresh water penninsula, so we‚Äôre not that bad üò¨",0
Francisco Inchauste,2020-11-04 16:52:14+00:00,@RianVDM I will accept that on behalf of my state.,0
Francisco Inchauste,2020-11-03 00:30:11+00:00,@charlespattson Everything‚Äôs good here. We‚Äôre fine. https://t.co/n8Dy7D8Bvw,0
Francisco Inchauste,2020-11-02 02:55:51+00:00,@jasonogle I‚Äôve always thought that they felt a bit horoscope-y.,1
Francisco Inchauste,2020-10-31 00:14:08+00:00,@almahoffmann @moleskine I feel the same way about notebooks/journals,0
Francisco Inchauste,2020-10-31 00:11:29+00:00,@richardgunther https://t.co/xWfHTOFRNc,0
Francisco Inchauste,2020-10-30 18:39:05+00:00,üëã https://t.co/S4PVkxTl9o,0
Francisco Inchauste,2020-10-30 00:06:56+00:00,Best thread of the day. https://t.co/eRaiXbleUO,0
Francisco Inchauste,2020-10-29 20:33:57+00:00,Thanks all!,0
Francisco Inchauste,2020-10-29 13:37:48+00:00,What‚Äôs the best content editing or CMS interface you‚Äôve used? Looking for examples that offer flexibility without an overwhelming interface.,0
Francisco Inchauste,2020-10-29 13:30:51+00:00,@corbpage @discord https://t.co/u8yDKzXmhH,0
Francisco Inchauste,2020-10-29 13:28:18+00:00,"@RianVDM I remember reading about this. It‚Äôs pretty impressive because it looks legit, yet unnatural, as you said.",0
Francisco Inchauste,2020-08-18 15:05:10+00:00,üëã Today we launched DSM 2.0! It's been many months in the making and I've enjoyed working on it with the team. It's‚Ä¶ https://t.co/PuMIdv4T4I,0
Francisco Inchauste,2020-07-03 03:40:07+00:00,"RT @InVisionApp: ‚ÄúImagine a book that, if you were to directly put its contents into your brain (The Matrix-style), you would level-up to a‚Ä¶",1
Francisco Inchauste,2020-06-11 03:08:26+00:00,@bclinkinbeard Thanks! I told him to keep at it and he could animate for Pixar one day. A slightly violent version of it...üò¨,0
Francisco Inchauste,2020-06-11 03:04:34+00:00,"@BrianYerkes Thanks - Haha, the plots and dialogue he comes up with always surprise me.",0
Francisco Inchauste,2020-06-10 17:15:19+00:00,üëã My son loves making stop motion Lego animations and I thought I would share some of his work. If you have kids th‚Ä¶ https://t.co/FLRRFw6DcW,0
Francisco Inchauste,2020-06-03 22:38:29+00:00,@joe4ce https://t.co/V1TRUXGNOk,0
Francisco Inchauste,2020-03-24 14:24:56+00:00,@nmackend @alissamarie Np! She‚Äôs been updating everyday to add more.,0
Francisco Inchauste,2020-03-19 15:34:07+00:00,RT @InVisionApp: Working remotely as a design team and looking for tips and best practices? Join us today at 12pm ET for a live Zoom chat (‚Ä¶,9
Francisco Inchauste,2020-03-16 21:11:06+00:00,RT @pahlkadot: Share this video. Save lives. https://t.co/zHBgMDTbDi,54
Francisco Inchauste,2020-03-16 18:05:39+00:00,@boymommx2 My wife put these homeschool tips and sample schedule together to get parents through the coming weeks.‚Ä¶ https://t.co/Ar6aBsDRG6,0
Francisco Inchauste,2020-03-16 18:01:22+00:00,@alissamarie My wife put these homeschool tips and sample schedule together to get parents through the coming weeks‚Ä¶ https://t.co/r76bxdqsJs,1
Des Traynor,2021-10-06 23:30:56+00:00,@Ryan365Apps @tylertringas @intercom https://t.co/wXDplotljK,0
Des Traynor,2021-10-06 20:25:40+00:00,"@getmatterapp Congrats, fantastic product",0
Des Traynor,2021-10-06 19:50:12+00:00,"@im_phil_byrne @jstrauss @nickoneill @intercom This is true, we have 11 Phils on staff, 24/7",0
Des Traynor,2021-10-06 17:22:44+00:00,@jstrauss @intercom Thanks!!,0
Des Traynor,2021-10-06 08:56:39+00:00,@eflow_freeflow Your website used to be good and make sense. What's going on here? (Your live chat is also broken) https://t.co/HdUP62V0Gq,0
Des Traynor,2021-10-05 19:51:31+00:00,"@jdrumgoole @nouvation @stephenkinsella @BrianCVC @techireland @IVCA_ie (Side note: would be class to have this whole 
chat over cocktails)",0
Des Traynor,2021-10-05 19:51:01+00:00,"@jdrumgoole @nouvation @stephenkinsella @BrianCVC @techireland @IVCA_ie Debatable, see Brian‚Äôs reply.",0
Des Traynor,2021-10-05 19:40:48+00:00,@stephenkinsella @nouvation @jdrumgoole @BrianCVC @techireland @IVCA_ie For early stage funding I‚Äôd typically look‚Ä¶ https://t.co/wXMrlatuUB,0
Des Traynor,2021-10-05 19:09:15+00:00,@nouvation @stephenkinsella @jdrumgoole @BrianCVC @techireland @IVCA_ie Just so we don‚Äôt lose the primary questions‚Ä¶ https://t.co/osTrAoOhEK,0
Des Traynor,2021-10-05 12:48:24+00:00,@BrianCVC @techireland @IVCA_ie Would love to grab a coffee and chat more about this (vs a Twitter ping pong).,0
Des Traynor,2021-10-04 12:43:12+00:00,"@BrianCVC I get you, and would love to sharpen this discussion...
1. What authoritative source can we use to measur‚Ä¶ https://t.co/PnzUQYUC6n",0
Des Traynor,2021-10-04 08:29:07+00:00,"@BrianCVC I find all IVCA funding stuff really hard to get a grip on. Its endless flip flopping. 

Are you saying t‚Ä¶ https://t.co/s2PHGMYhGi",0
Des Traynor,2021-09-30 19:34:36+00:00,"@real_evilal @adrianweckler Correct, my mistake.",0
Des Traynor,2021-09-30 13:25:44+00:00,"@iASpeaker Just send me the invoice. I don't know what it is, or what it does, but I'm in.",0
Des Traynor,2021-09-30 10:41:52+00:00,@angionata @MarioBerky @realBobbyHealy @davidmcw My point is that to *scale* a startup you need experienced leaders‚Ä¶ https://t.co/OESildKUhf,0
Des Traynor,2021-09-30 10:38:51+00:00,"@adrianweckler Totally fine to do, I ordered a bunch off https://t.co/6i0Vhex3AH and use them occasionally for peace of mind.",0
Des Traynor,2021-09-29 21:32:01+00:00,"@angionata @MarioBerky @realBobbyHealy @davidmcw Startups also need to go beyond 0‚Üí1 though, and if we want them to‚Ä¶ https://t.co/vFGB8Zrn2l",0
Des Traynor,2021-09-29 21:00:08+00:00,13.5 years later this is still very true.,0
Des Traynor,2021-09-29 19:47:40+00:00,@kevmcb14 @royaloakd8 Belter,0
Des Traynor,2021-09-29 13:27:03+00:00,@michaelvillar @height_app @ttunguz @redpointvc Congrats!,0
Des Traynor,2021-09-29 08:49:31+00:00,@prendio2 Seriously. What the hell were they thinking?,0
Des Traynor,2021-09-28 21:29:39+00:00,"@timyoung @Dropbox They look like *great* additions, congrats to teams who worked on them.",0
Des Traynor,2021-09-25 19:51:37+00:00,@sloanerdog Crunch on Polk was always decent for me,0
Des Traynor,2021-09-24 20:57:54+00:00,@Cianomaidin @realBobbyHealy Well there‚Äôs only ever been ~5 so we could be waiting a while.,0
Des Traynor,2021-09-24 20:20:15+00:00,"@realBobbyHealy What‚Äôs your definition of ‚ÄúIreland producing‚Äù? 

Do you want to see a $1T company on the ISEQ?",0
Des Traynor,2021-09-24 18:40:30+00:00,"@kamilrextin @AndrewAllsop @JGshort Thanks Kamil, I‚Äôm bullish on us too :)
 
Our thinking was always about what‚Äôs t‚Ä¶ https://t.co/qbvWj2HeLD",0
Des Traynor,2021-09-23 19:33:44+00:00,"@johnpeavoy Very sorry to hear that John, great dogs, and you gave them great lives",0
Des Traynor,2021-09-23 13:29:59+00:00,@dogpatchlabs @ycombinator @NDRC_hq Excellent work,0
Des Traynor,2021-09-22 22:31:08+00:00,@mojombo Of course :-),0
Des Traynor,2021-09-22 19:36:24+00:00,"@mojombo Can you settle this for once and for all‚Ä¶
Is it JitHub or GitHub?",0
Des Traynor,2021-09-22 17:54:46+00:00,"RT @brian_donohue: üéäA HUGE update to our @intercom Messenger today. It's a totally revamped experience that includes first-class search, fu‚Ä¶",6
Des Traynor,2021-09-21 19:55:58+00:00,@bhalligan Isn‚Äôt that Marshall Goldsmith? https://t.co/DyndvID49O,0
Des Traynor,2021-09-21 17:27:02+00:00,"@mijustin There‚Äôs a few related problems they solve that do help

* UI confusion (poor blank slate)
* Motivational‚Ä¶ https://t.co/AHTCBJt4gw",0
Des Traynor,2021-09-21 17:02:28+00:00,"@mcadonofrio @BessemerVP Great article, note a html barf here https://t.co/FE4PQpg4Jg",1
Des Traynor,2021-09-21 11:02:31+00:00,@mattnhodges Happy birthday!!!,0
Des Traynor,2021-09-19 19:38:06+00:00,"@Austen * here‚Äôs how to search

üëÜ most essential one imho",0
Des Traynor,2021-09-19 18:56:42+00:00,@cianmaher0 https://t.co/cUetR7Id0A,0
Des Traynor,2021-09-17 13:02:14+00:00,@adrianweckler Was great to chat about something other than soccer for a change :-),0
Des Traynor,2021-09-16 12:59:29+00:00,"@OoTheNigerian Totally agree but I'd love to hear Roy speak on tactics a bit. 

I think his critics would say he do‚Ä¶ https://t.co/lfFszZkVDG",0
Des Traynor,2021-09-16 09:27:45+00:00,"@MangoDassle @realBobbyHealy It‚Äôs just pure snobbery, they tend to overlook Persian cuisine in general, and I bet t‚Ä¶ https://t.co/ZDaWx6YNgG",0
Des Traynor,2021-09-15 20:13:06+00:00,"@jasonlk Was totally expecting that to go... 

""It's only Product Led Growth if it's from the Croissance Tir√©e par‚Ä¶ https://t.co/UVlwfknSkY",1
Des Traynor,2021-09-13 19:58:14+00:00,@M_OToole Portuguese people too,0
Des Traynor,2021-09-13 18:03:59+00:00,@yashkaf Same energy https://t.co/vmuntJK3Qs,0
Des Traynor,2021-09-13 15:56:43+00:00,@emvutweets Congrats!!,0
Des Traynor,2021-09-13 13:44:16+00:00,üíöüáÆüá™‚òòÔ∏è https://t.co/yW4NuGn64N,1
Des Traynor,2021-09-12 17:40:45+00:00,@jaltma 40s - sweet that‚Äôll heal in ~3 months with a physical therapist,0
Des Traynor,2021-09-11 20:26:06+00:00,"@PadraigOBrien @eoghan @serifritsch It came across well, I am happy you think of the company by thinking of it‚Äôs pe‚Ä¶ https://t.co/Na2Ttyi1J8",0
Des Traynor,2021-09-11 19:13:15+00:00,"@balajis That‚Äôs nothing. You could build‚Ä¶a bus lane along Van Ness in just‚Ä¶19,500 times that.",0
Des Traynor,2021-09-11 19:08:47+00:00,"@PadraigOBrien @eoghan @serifritsch Awesome! FWIW I think of our people too. 

https://t.co/5k0Ts6uyMx",0
Des Traynor,2021-09-10 22:01:54+00:00,@realBobbyHealy Intercom runs on @3fe/@coffeeangel  (as do I),0
Des Traynor,2021-09-10 20:23:24+00:00,"@mark_cummins Something like that, I‚Äôll keep you posted, I‚Äôll need to research a bit",0
Des Traynor,2021-09-10 19:23:42+00:00,"@kayvz Phenomenal progress, congrats to the whole team. Long TWTR.",0
Des Traynor,2021-09-10 19:18:53+00:00,@maccaw @reflectnotes Yesss!,0
Des Traynor,2021-09-10 17:13:26+00:00,"@mark_cummins Yep, all makes sense. I‚Äôm trying to work out how to take a (long) position that supports my belief he‚Ä¶ https://t.co/zJdHQFJCQC",0
Des Traynor,2021-09-10 13:40:18+00:00,@EamonLeonard @boundless_HQ Congrats on all you achieved there. Enjoy the break!,0
Des Traynor,2021-09-10 11:04:15+00:00,@mark_cummins Curious where/when would you place your bets if you accepted this full extrapolation?,0
Des Traynor,2021-09-08 15:44:31+00:00,@saranormous üíØ some products are too small in scope to be worth adopting.,0
Des Traynor,2021-09-08 15:42:40+00:00,@0zne @vortex_ape This is the way,0
Des Traynor,2021-09-07 20:49:06+00:00,"@AndrewOmobamid1 you were incredible against Serbia this evening, really excited to watch you over the next decade. üíö‚òòÔ∏è",0
Des Traynor,2021-09-06 21:39:47+00:00,@david_perell This visual comes to mind :) https://t.co/e2CXedTKob,0
Tina Roth Eisenberg,2021-10-07 19:38:44+00:00,@parkhere https://t.co/7pH5NEa97s,0
Tina Roth Eisenberg,2021-10-07 19:12:08+00:00,"Whoa! Grace, aka @designsponge did it again! What a force: https://t.co/A6ju9ITM7c",1
Tina Roth Eisenberg,2021-10-07 13:22:45+00:00,"@TEDchris The force of good that is @LIVELOVEBEIRUT, started by the wonderful @cyoumna: https://t.co/YOs78Voa48",1
Tina Roth Eisenberg,2021-10-07 13:19:25+00:00,@TEDchris The radical generosity network of women supporting women that  @sheeo_world has built. Nothing short of wildly impressive!,0
Tina Roth Eisenberg,2021-10-07 13:17:26+00:00,I am here for the responses rolling in on this thread: https://t.co/a7m5tVT342,0
Tina Roth Eisenberg,2021-10-07 13:15:34+00:00,"@TEDchris Whispers: @creativemorning is a massive engine of generosity, fueled by 1500 volunteers around the world,‚Ä¶ https://t.co/zZkKzYsJhZ",0
Tina Roth Eisenberg,2021-10-07 10:19:03+00:00,Words are cool. https://t.co/INALwLaSIt,0
Tina Roth Eisenberg,2021-10-07 10:18:21+00:00,"@carolynz Bump
&amp;
Nonchalant",0
Tina Roth Eisenberg,2021-10-07 10:15:07+00:00,@TheDOLectures https://t.co/iGnPScJPHj,0
Tina Roth Eisenberg,2021-10-07 10:14:20+00:00,This is my spiritual coming out talk from a few years back. Never been more nervous. Grateful it happened. Thank yo‚Ä¶ https://t.co/8MxFDSMbmf,1
Tina Roth Eisenberg,2021-10-06 17:11:12+00:00,@jessicahische !!!!!,0
Tina Roth Eisenberg,2021-10-05 09:16:31+00:00,‚ÄúNo pressure to post‚Äù are the magical words! https://t.co/BuLM7RlGCJ,0
Tina Roth Eisenberg,2021-10-05 09:13:01+00:00,My parents had this portrait drawn of me when I was four. I cherish it so much now that I am an adult and mother my‚Ä¶ https://t.co/le9OK7cfNz,1
Tina Roth Eisenberg,2021-10-05 00:35:14+00:00,Really loving the responses to this question. https://t.co/nd4Jfa8WhR,0
Tina Roth Eisenberg,2021-10-04 20:32:55+00:00,@skaw OMG!,0
Tina Roth Eisenberg,2021-10-04 17:35:48+00:00,Clever! üòÇ https://t.co/X5GSH7POBD,5
Tina Roth Eisenberg,2021-10-04 12:24:09+00:00,"‚ÄúJoy does not simply happen to us. We have to choose joy and keep choosing it every day.‚Äù
- Henri J.M. Nouwen",9
Tina Roth Eisenberg,2021-10-04 12:22:26+00:00,"This reflection by @TaraBrach is powerful. Set me up for the day, maybe it might help some of you too. https://t.co/tnQHSNm1FY",0
Tina Roth Eisenberg,2021-10-03 21:59:16+00:00,@AndrewBohrer Nooooooooo! üò©,0
Tina Roth Eisenberg,2021-10-03 20:50:12+00:00,@davidhieatt Wish I could have been there.,0
Tina Roth Eisenberg,2021-10-03 20:04:34+00:00,@marcelzwiers üëÄ,0
Tina Roth Eisenberg,2021-10-02 15:52:47+00:00,Total boss. The end. https://t.co/jeKMKYQsjg,1
Tina Roth Eisenberg,2021-10-02 15:50:06+00:00,I mean! https://t.co/nRQWKY64uD,0
Tina Roth Eisenberg,2021-10-02 15:49:36+00:00,Dug through some old family photos. My mom was a total style icon. https://t.co/IeGX0FSMzN,0
Tina Roth Eisenberg,2021-10-01 08:13:31+00:00,@AndyDidorosi Excited to see this come to life. Please over share!,0
Tina Roth Eisenberg,2021-09-30 12:04:09+00:00,@heif @caspertk Wow!,0
Tina Roth Eisenberg,2021-09-30 11:11:51+00:00,‚ÄúThere‚Äôs something just as inevitable as death. And that‚Äôs life. Think of the power of the universe‚Ä¶ turning the Ea‚Ä¶ https://t.co/C1ZNIcG1Nk,13
Tina Roth Eisenberg,2021-09-29 15:38:59+00:00,@obreidenbach Danke Oliver!,0
Tina Roth Eisenberg,2021-09-29 14:22:06+00:00,"I lost my dad yesterday. 

I am lucky to have made it back to Switzerland in time to say goodbye and be with him wh‚Ä¶ https://t.co/Ir7NwR2Fr3",4
Tina Roth Eisenberg,2021-09-27 12:57:27+00:00,@jessicahische Been there. You got this. You‚Äôre stronger than you think.,0
Tina Roth Eisenberg,2021-09-27 00:51:55+00:00,+1 https://t.co/lxdlL4YEx7,0
Tina Roth Eisenberg,2021-09-26 20:46:40+00:00,This @ZARA catalog photo is a winner: https://t.co/dvwaTetkn8,0
Tina Roth Eisenberg,2021-09-26 13:21:00+00:00,"It's been a hectic few weeks, but I am back. I have links for you: https://t.co/cj3cBzKKBF",0
Tina Roth Eisenberg,2021-09-25 23:47:13+00:00,@MarioKstgr Same. At least he wore funky pants.,0
Tina Roth Eisenberg,2021-09-25 23:43:24+00:00,@gray ‚ÄúVibed themselves into a corner‚Äù üòÇ,0
Tina Roth Eisenberg,2021-09-25 23:37:25+00:00,"Finally caught up with Ted Lasso. 

I have been loving Season 1 and raved to everyone about it who would listen.‚Ä¶ https://t.co/dO6SOoadLm",0
Tina Roth Eisenberg,2021-09-25 17:14:23+00:00,Until then I shall do this: https://t.co/k8IWSxmGAi,0
Tina Roth Eisenberg,2021-09-25 17:12:50+00:00,Product people: Please design a universal and sturdy razor cover that doesn‚Äôt slip off. I‚Äôll gift it to all my frie‚Ä¶ https://t.co/b4fxaxIYUV,0
Tina Roth Eisenberg,2021-09-24 10:20:52+00:00,@alisonrand My dear friend Patricia Garcia Gomez. She is a master at crafting brand language. She writes for‚Ä¶ https://t.co/jdV7A66GsY,0
Tina Roth Eisenberg,2021-09-23 23:38:25+00:00,RT @KaiBrach: Love the ‚Äòthank you‚Äô baaa at the end ‚ù§Ô∏è,5
Tina Roth Eisenberg,2021-09-23 20:32:55+00:00,@jessicahische https://t.co/C9N5SiMWl6,0
Tina Roth Eisenberg,2021-09-23 20:17:33+00:00,@KellySutton @GustoHQ Psst‚Ä¶ post on the @creativemorning job board? We will share far and wide.,0
Tina Roth Eisenberg,2021-09-23 18:58:26+00:00,@_Behrouz @NewYork_CM Thank you Behrouz!,0
Tina Roth Eisenberg,2021-09-23 18:23:13+00:00,Our photogrpaher for tomorrow‚Äôs @NewYork_CM IRL reunion fell through. Anyone up for documenting a communal walk thr‚Ä¶ https://t.co/KHY2F0D35f,2
Tina Roth Eisenberg,2021-09-23 17:57:14+00:00,@AlisonTCG Click the link?,0
Tina Roth Eisenberg,2021-09-22 20:10:31+00:00,@darinka_design https://t.co/q2rbucXM2G,0
Tina Roth Eisenberg,2021-09-22 20:09:15+00:00,@steph_haworth Thank you Stephanie!,0
Tina Roth Eisenberg,2021-09-22 20:09:01+00:00,@ashiashay Thanks for the glimmer of hope!,0
Tina Roth Eisenberg,2021-09-22 12:56:42+00:00,"@BaldCondensed Actually, they do.",0
Tina Roth Eisenberg,2021-09-22 12:46:41+00:00,"By the time I make it to the office I have been up for 4.5h and feel like I already lived a full day. 

Post pandem‚Ä¶ https://t.co/0HbrdQc1UG",1
Tina Roth Eisenberg,2021-09-21 23:43:53+00:00,Acorn vase? YES PLEASE! https://t.co/dPicd9B5Cq https://t.co/KzkiKnIx3e,0
Tina Roth Eisenberg,2021-09-21 18:36:22+00:00,https://t.co/lhiWR03nZv,1
Tina Roth Eisenberg,2021-09-21 10:54:21+00:00,@mathowie That‚Äôs dedication.,0
Tina Roth Eisenberg,2021-09-21 10:53:26+00:00,What!? Wow! https://t.co/pEoahBlE4N,6
Tina Roth Eisenberg,2021-09-21 10:50:53+00:00,This thread made me smile. https://t.co/GpsHkiOaV9,0
Tina Roth Eisenberg,2021-09-20 19:40:19+00:00,@davedawson What a lucky little one! I am so happy for you all! ‚ù§Ô∏è,0
Tina Roth Eisenberg,2021-09-20 15:59:04+00:00,I am glad this found me today.  https://t.co/HxLbLPGXhx,0
Tina Roth Eisenberg,2021-09-20 02:12:12+00:00,!!! https://t.co/d1g8hh9i8P,0
Tina Roth Eisenberg,2021-09-18 14:58:10+00:00,Wow! Super helpful! Just enabled this for my close (and Switzerland based) family members. https://t.co/aKDGAodq4t,1
Tina Roth Eisenberg,2021-09-18 14:51:57+00:00,@olimpiazagnoli I love this so much!,0
Khoi Vinh,2021-09-22 02:24:29+00:00,Looks fascinating. https://t.co/VmvEJuiIw0,0
Khoi Vinh,2021-08-22 17:10:24+00:00,‚ÄúThe design is not just what it looks like and feels like. The design is how it works.‚Äù https://t.co/0EzQ10Ghb6,3
Khoi Vinh,2021-08-04 14:51:21+00:00,I just took this survey about broadband service that @ConsumerReports and @TheVerge are doing.  #BroadbandTogether https://t.co/i0EN3yVKtU,0
Khoi Vinh,2021-07-02 14:51:16+00:00,@RubenBolling My sides hurt after reading this.,0
Khoi Vinh,2021-06-25 13:36:30+00:00,@damenleeturks Actually not out of the question! Adobe is evolving our remote policy post-pandemic.,0
Khoi Vinh,2021-06-25 13:35:05+00:00,RT @mgiraldo: .@khoi packaging episode reminded me of how much I loved video game packaging. kept many ‚Äúboxes‚Äù https://t.co/sChlMSS1md,2
Khoi Vinh,2021-06-23 16:48:02+00:00,"This is an awesome job opportunity: Adobe is looking for a designer to work on our Libraries service, which is at t‚Ä¶ https://t.co/B41GFwSQUo",6
Khoi Vinh,2021-06-22 16:45:40+00:00,RT @stewf: The latest episode of Wireframe is a fun half-hour entry point to the ‚Äúreturn of type with personality‚Äù: https://t.co/uFG5xXBNYn‚Ä¶,6
Khoi Vinh,2021-06-20 10:36:15+00:00,‚ÄúClick to see less‚Äù is a very confusing concept. https://t.co/udS94LBpVr,3
Khoi Vinh,2021-06-19 00:13:01+00:00,@soosixty @jdallcaps @DesignUpConf Hi @soosixty !,0
Khoi Vinh,2021-06-16 18:42:01+00:00,This is a great idea. https://t.co/eUTtzbt7ti,0
Khoi Vinh,2021-06-16 15:52:01+00:00,This is very revealing. https://t.co/OoXlK1PlOl,2
Khoi Vinh,2021-06-11 18:42:01+00:00,Stacks in @AdobeXD are genuinely terrific. https://t.co/o7d80oESzC,1
Khoi Vinh,2021-06-05 15:18:01+00:00,Just came across this bang on review of ‚ÄúNomadland‚Äù that I couldn‚Äôt agree with more. https://t.co/Lpww2P1SCZ,2
Khoi Vinh,2021-06-02 18:42:01+00:00,This is a great overview made by an @AdobeXD user and it's really well done. Nice work @eugenione! https://t.co/NPgKM6pt55,10
Khoi Vinh,2021-05-28 20:58:30+00:00,This is beautiful and really well done! https://t.co/D4Yhm6EimQ,1
Khoi Vinh,2021-05-28 18:36:21+00:00,"RT @Lumi: In 2020, 1 out of every 5 retail dollars was spent shopping online. @kepano joined @khoi on this episode of WireFrame to break do‚Ä¶",3
Khoi Vinh,2021-05-26 00:03:51+00:00,This is devastating. https://t.co/nCNsxQcTw7,8
Khoi Vinh,2021-05-25 20:16:01+00:00,"Our third episode of Wireframe season 4 looks at design's role in the fight for racial justice, including powerful‚Ä¶ https://t.co/PI6sD4Zmsl",2
Khoi Vinh,2021-05-14 18:42:00+00:00,"Hot dog, I'm so excited for this, now streaming on @criterionchannl . https://t.co/soGgvpSs6A",1
Khoi Vinh,2021-05-14 13:06:03+00:00,@gray Adorbs,0
,,,
,,,
,,,
,,,
,,,
,,,
,,,
,,,
,,,
,,,
,,,
,,,
,,,
,,,
,,,
,,,
,,,
,,,
,,,
,,,
,,,
,,,
,,,
,,,
,,,
,,,
,,,
,,,
,,,
,,,
,,,
,,,
,,,
,,,
,,,
,,,
,,,
,,,
,,,
Ryan Carson (he/him),2021-09-19 17:57:12+00:00,@NataliePropy Hi there - I‚Äôd love to chat to you about an idea I have around tokenzation of large real estate portf‚Ä¶ https://t.co/i8H5HPTqKv,0
Ryan Carson (he/him),2021-09-10 18:26:29+00:00,Yes! https://t.co/tAlnEFiNhg,1
Ryan Carson (he/him),2021-09-08 22:50:27+00:00,"Have you ever taken a minute to behold the wonder that has Google Sheets? If anybody remembers the days of Ajax, yo‚Ä¶ https://t.co/g2H3WmPgZl",0
Ryan Carson (he/him),2021-09-08 09:43:37+00:00,@FawkssNZ @treehouse Way to go!,0
Ryan Carson (he/him),2021-09-07 15:22:52+00:00,This makes me happy https://t.co/GrMRbHlnYf,0
Ryan Carson (he/him),2021-09-07 15:22:42+00:00,@CmdMine @treehouse So awesome to hear that!,0
Ryan Carson (he/him),2021-09-07 12:15:36+00:00,@CmdMine @treehouse Great work!,0
Ryan Carson (he/him),2021-09-07 12:15:14+00:00,@DesignandCode3 @treehouse @Coderbyte @CodePen @frontendmentor @devchallengesio Thx!,0
Ryan Carson (he/him),2021-09-07 12:14:58+00:00,@ghameerah @treehouse Nice work!,0
Ryan Carson (he/him),2021-09-07 12:14:35+00:00,@cmstone_dev @treehouse Way to go!,0
Ryan Carson (he/him),2021-09-07 11:38:32+00:00,@rhett @rogersdev @opensea Thank you!,0
Ryan Carson (he/him),2021-09-07 10:34:28+00:00,Good morning to all you @treehouse Students üëãüèª üòä https://t.co/18MvUsIgB1,0
Ryan Carson (he/him),2021-09-06 18:47:37+00:00,"Idea: @treehouse Students earn rare Treehouse NFTs as they learn. 

1k Treehouse points = 1 ‚Äú1k‚Äù Treehouse NFT (1 o‚Ä¶ https://t.co/TujUr8FLQL",1
Ryan Carson (he/him),2021-09-06 15:20:37+00:00,We took this amazing tiny ferry across the Connecticut River yesterday. https://t.co/JpfC86yYN9,0
Ryan Carson (he/him),2021-09-05 21:09:35+00:00,"@iamdavidohanlon @treehouse Learn a little each day, practice what you learned without watching the video and finally, don‚Äôt quit!",0
Ryan Carson (he/him),2021-09-05 14:06:05+00:00,"RT @idanmelamed: @treehouse and @kennethlove is how I got my first developer role.
Best return on investment I will ever have.",2
Ryan Carson (he/him),2021-09-04 14:05:48+00:00,Who would take a Crypto and NFT course on @treehouse right now?,1
Ryan Carson (he/him),2021-09-03 12:03:44+00:00,Good morning all our @treehouse Students! I saw this beautiful sunrise on my morning run today ü§© https://t.co/0CW2GBCr90,1
Ryan Carson (he/him),2021-09-01 18:53:34+00:00,Just finished my weekly video hangout with my three sisters. Love them!,1
Ryan Carson (he/him),2021-09-01 14:59:24+00:00,@rogersdev @opensea Is there a way to know before you buy? I‚Äôd want to know if there was a royalty if I sell it someday.,0
Ryan Carson (he/him),2021-09-01 12:36:29+00:00,@opensea How can we tell if an NFT we want to sell has a royalty?,0
Ryan Carson (he/him),2021-09-01 11:45:26+00:00,Hey #NFT people: how do you tell if an NFT on @opensea has a royalty that gets paid to the creator?,0
Ryan Carson (he/him),2021-09-01 10:32:32+00:00,@jsookha Hi! üòä,0
Ryan Carson (he/him),2021-09-01 10:05:15+00:00,Morning y'all! ü§ó,0
Ryan Carson (he/him),2021-08-31 13:15:39+00:00,"This is a powerful example of how online learning can change your life! Way to go @brandonleichty!
https://t.co/RPsvMoko8x",0
Ryan Carson (he/him),2021-08-31 09:22:47+00:00,"@JuanG294 I think we passed the point of ‚Äúfad‚Äù. 

Thx for being a fan of @treehouse!",0
Ryan Carson (he/him),2021-08-30 20:06:01+00:00,@JuanG294 Because they're going to keep going up in value.,0
Ryan Carson (he/him),2021-08-30 16:44:56+00:00,@thejoshtorres ü§ó,0
Ryan Carson (he/him),2021-08-30 13:23:38+00:00,This account is fascinating: @TechEmails,2
Ryan Carson (he/him),2021-08-30 12:21:02+00:00,"If I had the capital, I'd buy every single one of these right now: https://t.co/F46BsXduRC",0
Ryan Carson (he/him),2021-08-27 12:23:57+00:00,@mg @xmtp_ @ShaneMac @XMTPdotcom Congrats!,0
Ryan Carson (he/him),2021-08-27 12:19:54+00:00,@michaelmcgee Year I was born!,0
Ryan Carson (he/him),2021-08-26 13:32:25+00:00,@alexhillman Every page has been good so far. Love how each one is a complete thought for reflection.,0
Ryan Carson (he/him),2021-08-26 13:31:44+00:00,@TaskEternal Yup,0
Ryan Carson (he/him),2021-08-26 10:27:53+00:00,"Why isn‚Äôt ‚Äúmark as unread‚Äù a thing with texting? I‚Äôm sure it‚Äôs a technical problem with the spec, but damn, it‚Äôs annoying.",0
Ryan Carson (he/him),2021-08-26 01:49:21+00:00,Bought this and love it. https://t.co/dAhZFl0bu2,0
Ryan Carson (he/him),2021-08-25 17:51:22+00:00,@afovea I‚Äôm 43. I get it ü§ó,0
Ryan Carson (he/him),2021-08-25 17:50:50+00:00,@tclax149 ‚úäüèª,0
Ryan Carson (he/him),2021-08-25 17:50:36+00:00,@marcchampagne üôè,0
Ryan Carson (he/him),2021-08-25 14:07:33+00:00,"I‚Äôve been focusing on the future for way too long - assuming things would happen.

Turns out that the only thing th‚Ä¶ https://t.co/htsNV87ijR",3
Ryan Carson (he/him),2021-08-24 21:28:43+00:00,@daisy_magnus Thank you!,0
Ryan Carson (he/him),2021-08-24 20:16:38+00:00,@mafoster272 üòÇ,0
Ryan Carson (he/him),2021-08-24 20:00:13+00:00,"We made it to Essex, Connecticut! The pub on our street is amazing. It was ‚ÄúSea Shanties‚Äù night last night ü§© https://t.co/RNx3NhmALE",1
Ryan Carson (he/him),2021-08-23 01:51:56+00:00,@scottcollinson1 Looks amazing!,0
Ryan Carson (he/him),2021-08-23 01:48:26+00:00,@Bonini84 Thx!,0
Ryan Carson (he/him),2021-08-23 01:48:16+00:00,"@shanemurfy We‚Äôre ok thankfully! 

Great to hear from you. How‚Äôs Boston treating you?",0
Ryan Carson (he/him),2021-08-22 14:20:30+00:00,Can‚Äôt believe we picked *this* weekend to move to Connecticut üòù #HurricaneHenri,1
Ryan Carson (he/him),2021-08-19 15:02:36+00:00,@jasonbyday Love it,0
Ryan Carson (he/him),2021-08-18 19:45:44+00:00,@markjosephiris Love this!,0
Ryan Carson (he/him),2021-08-18 19:45:37+00:00,@awizemann YES,0
Ryan Carson (he/him),2021-08-18 08:30:35+00:00,@davemerwin Great idea!,0
Ryan Carson (he/him),2021-08-18 08:30:19+00:00,@chalkers @MarianneW_ Thx!,0
Ryan Carson (he/him),2021-08-18 08:30:06+00:00,@MarianneW_ Fascinating idea üôè,0
Ryan Carson (he/him),2021-08-18 08:29:17+00:00,@AJKandy üôèüëçüèª,0
Ryan Carson (he/him),2021-08-18 08:29:02+00:00,@PFMPE @AJKandy @bramcohen Interesting ü§î,0
Ryan Carson (he/him),2021-08-18 08:28:08+00:00,@cvedovini üôè,0
Ryan Carson (he/him),2021-08-18 05:17:18+00:00,"If there were 20,000 blockchain developers, all united to build something new and innovative, what should they build?",1
Ryan Carson (he/him),2021-08-17 20:58:36+00:00,"@EmmettNaughton No, she‚Äôs getting trucked üëçüèª",0
Ryan Carson (he/him),2021-08-17 20:49:07+00:00,On Twitter it‚Äôs cool to give ‚Äústartup advice‚Äù but it‚Äôs not cool to be honest about mistakes you‚Äôve made running that startup üôÑ,1
Ryan Carson (he/him),2021-08-17 20:44:30+00:00,4 knots of wind was definitely not enough üòÇ https://t.co/bAmOtdfOk3,0
Ethan Marcotte,2021-10-07 21:18:24+00:00,"@mor10 Great, thank you ‚Äî I‚Äôll keep an eye out!",0
Ethan Marcotte,2021-10-07 21:02:48+00:00,"@mor10 Hey, Morten! Your talk sounds interesting; is it online anywhere?",0
Ethan Marcotte,2021-10-07 20:17:29+00:00,"@ChappellTracker i have been. a bad friend, i see that now üò¨",0
Ethan Marcotte,2021-10-07 20:08:57+00:00,"@ChappellTracker omg i feel like i‚Äôve raved about these books to most of my friends‚Äô annoyance, i‚Äôm actually glad i spared you üòÖ",0
Ethan Marcotte,2021-10-07 18:02:32+00:00,@phirephoenix ‚Äîhey uhhhh when you get this job lmk when you‚Äôre hiring? oh no dm fai,0
Ethan Marcotte,2021-10-07 18:01:59+00:00,"@seh i rave about these books to everyone, it‚Äôs kind of a problem üòÖ i hope you enjoy it if you check it out!",0
Ethan Marcotte,2021-10-07 17:54:49+00:00,"@annaecook ‚ÄîI mean this is all amazing and impressive as heck

but also: kittennnnns",0
Ethan Marcotte,2021-10-07 17:53:56+00:00,@annaecook omg the kittens,0
Ethan Marcotte,2021-10-07 17:52:41+00:00,@SaraSoueidan üò¨,0
Ethan Marcotte,2021-10-07 17:35:47+00:00,"@CatherineOmega @jeremybowers @eaton **i just love these books so much**

(and thank you!! üíñ)",0
Ethan Marcotte,2021-10-07 17:30:56+00:00,@todd_coleman can *enthusiastically* recommend,0
Ethan Marcotte,2021-10-07 17:25:01+00:00,"@knowtheory @jeremybowers @eaton F O U R

I   K N O W  https://t.co/5fRW6EOlKX",0
Ethan Marcotte,2021-10-07 17:22:21+00:00,please download this free ebook and let me know when you‚Äôre done reading it so i can excitedly text you about it https://t.co/dItO0s7g0Y,5
Ethan Marcotte,2021-10-07 17:21:35+00:00,"@jeremybowers @eaton jeremy jeremy jeremy

did you see that the trilogy‚Äôs now gonna be a quadrilogy",0
Ethan Marcotte,2021-10-07 17:19:31+00:00,@eaton ‚ÄºÔ∏è,0
Ethan Marcotte,2021-10-07 15:28:41+00:00,"@losowsky omg amazing, congratulations @sisiwei!!",0
Ethan Marcotte,2021-10-07 15:26:43+00:00,"@eyemadequiet HELL yeah, congrats to you all!",0
Ethan Marcotte,2021-10-07 15:09:25+00:00,"@Mjausson don‚Äôt have a shot of her in the act, but here‚Äôs olive in the foreground! https://t.co/uGeP0Y4RGc",0
Ethan Marcotte,2021-10-07 15:06:50+00:00,@sarahebourne omg *nice*,0
Ethan Marcotte,2021-10-07 14:17:57+00:00,"@zachleat Oh my goodness, amazing. Congratulations to you and the community!",0
Ethan Marcotte,2021-10-07 12:33:50+00:00,@chriscoyier thanks i hate it,0
Ethan Marcotte,2021-10-06 23:23:55+00:00,@oatmeal2000 thrilled to announce our audience just reached the single digits!,0
Ethan Marcotte,2021-10-06 21:57:32+00:00,"@tcarmody i love this, also fyi i‚Äôm mentally slapping the sub pop logo in the bottom left corner",0
Ethan Marcotte,2021-10-06 21:49:58+00:00,you see what i mean https://t.co/eSsDf0kx0H,0
Ethan Marcotte,2021-10-06 21:46:06+00:00,Stop and drop a picture of you that looks like an album cover https://t.co/bDjzhSeZDe https://t.co/FZ1kBpFNiP,0
Ethan Marcotte,2021-10-06 21:30:30+00:00,"@DanerMoran 1. *adorable*
2. GORDON MIGHT BE THE PERFECT CAT NAME",0
Ethan Marcotte,2021-10-06 21:26:34+00:00,"most days, olive just naps all afternoon

other days, olive chooses an especially adorable brand of violence https://t.co/owcjLLGkdp",0
Ethan Marcotte,2021-10-06 21:01:54+00:00,"@jenseninman üíú, friend.",0
Ethan Marcotte,2021-10-06 20:39:50+00:00,@swamibooba i‚Äôll just note that douglas adams wrote an essay once about his drawer full of discarded device cables and it still haunts me,0
Ethan Marcotte,2021-10-06 20:34:38+00:00,@phyllisstein @swamibooba well well well look who brought unicode to a time fight,0
Ethan Marcotte,2021-10-06 20:30:15+00:00,@swamibooba I mean honestly my solution to this particular problem probably involves placing all my devices in the‚Ä¶ https://t.co/NBMeE55O04,0
Ethan Marcotte,2021-10-06 20:26:58+00:00,"@pbyrne (oh god i said ‚Äúthanks mark‚Äù while distractedly looking at something else, i‚Äôm so sorry patrick!)",0
Ethan Marcotte,2021-10-06 20:25:04+00:00,@pbyrne @markhuot honestly i‚Äôm gonna just paint some numbers on a discarded roof shingle and toss all my other devices in the ocean,0
Ethan Marcotte,2021-10-06 20:20:58+00:00,"@pbyrne @markhuot Thanks Mark! I *do* use Fantastical, but it‚Äôs using the system-level calendar accounts ‚Äî so event‚Ä¶ https://t.co/XS65sbHDQ5",0
Ethan Marcotte,2021-10-06 20:15:33+00:00,"@pbyrne @markhuot Yeah it *used* to be contextual for me, but my calendar events just aren‚Äôt showing up any more.",0
Ethan Marcotte,2021-10-06 20:07:25+00:00,"@markhuot WEIRD, that option‚Äôs missing for me both on my phone and my watch. thank you!",0
Ethan Marcotte,2021-10-06 19:38:20+00:00,"@tcarmody @craigmod it feels like a Very Fancy rework of something that worked both simply and well

i‚Äôm kinda sad about it!",0
Ethan Marcotte,2021-10-06 19:32:48+00:00,Did iOS 15 / watchOS 8 remove the feature that let you set Do Not Disturb to run *until* the end of a calendar even‚Ä¶ https://t.co/OCHdqedfpN,1
Ethan Marcotte,2021-10-06 12:25:25+00:00,@livlab omg l√≠v üèÜ,0
Ethan Marcotte,2021-10-06 11:08:04+00:00,Current status: https://t.co/T84TMG0OHW https://t.co/ZO6gpG9HrL,3
Ethan Marcotte,2021-10-05 21:26:21+00:00,"@ChappellTracker ‚Äîhey @wilto did you end up getting that 12' skeleton

if not then uh hey fyi",0
Ethan Marcotte,2021-10-05 21:03:58+00:00,@timmaughan feels like the same energy https://t.co/KClqh7NGwU,0
Ethan Marcotte,2021-10-05 20:20:32+00:00,"@janie i have one o‚Äô them phone popper dealies now, specifically because of Struggle Pinky, and am now üÜí",0
Ethan Marcotte,2021-10-05 18:54:27+00:00,"@Una YAY, congratulations to you both! üéâüéâüéâ",0
Ethan Marcotte,2021-10-05 17:19:57+00:00,@SamKap and then she promptly flea‚Äôd the scene,0
Ethan Marcotte,2021-10-05 16:48:04+00:00,@davatron5000 yes in fact i think you‚Äôre king cooper now,0
Ethan Marcotte,2021-10-05 16:42:11+00:00,@davatron5000 the future liberals want,0
Ethan Marcotte,2021-10-05 16:20:57+00:00,@livlab we‚Äôll see if i live to tell the tail [STAGE HOOK DESCENDS],0
Ethan Marcotte,2021-10-05 16:19:03+00:00,"@MinaMarkham yeah, you‚Äôre right, sorry, scratch that",0
Ethan Marcotte,2021-10-05 16:11:07+00:00,"@skullface oh this looks wonderful, thank you for sharing it",0
Ethan Marcotte,2021-10-05 16:08:47+00:00,"@IrinaTheNerd @ivorjetski @EsterhuysenRyan oh

oh the little grumper face

oh my heart",0
Ethan Marcotte,2021-10-05 16:05:15+00:00,@mattmay @malthe ‚ÄîTHERE IT IS,0
Ethan Marcotte,2021-10-05 16:03:57+00:00,@IrinaTheNerd @ivorjetski @EsterhuysenRyan OMG üòª https://t.co/lY57stsQqy,0
Ethan Marcotte,2021-10-05 15:57:42+00:00,@malthe ‚Äúseizing the means of purrduction‚Äù hm yeah let‚Äôs whiteboard this a little,0
Ethan Marcotte,2021-10-05 15:56:10+00:00,"i suppose it was technically an act of sabuttage

okay thanks",0
Ethan Marcotte,2021-10-05 15:53:05+00:00,"during a client call one of the kittens sat down on my surge protector‚Äôs power button, turning off literally every‚Ä¶ https://t.co/P5DfEXjNzu",7
Ethan Marcotte,2021-10-05 11:19:27+00:00,(via @jimray: https://t.co/9EAsJBbdvz),1
Ethan Marcotte,2021-10-05 11:18:11+00:00,"‚ÄúWe do not anticipate ever spending any money with Facebook, and in fact have abandoned publishing even simple post‚Ä¶ https://t.co/geFFI9D7dM",5
Ethan Marcotte,2021-10-05 00:13:59+00:00,"@austinkleon Oh, I‚Äôm excited to hear your impressions!",0
Ethan Marcotte,2021-10-05 00:07:33+00:00,"@SamKap Big, big, evergreen mood. üíú",0
